name,sku,upc,pricing_item.price.amount,pricing_item.msrp.amount,group,main,images.default.1.alternate.url,images.default.2.alternate.url,images.default.3.alternate.url,images.default.4.alternate.url,images.default.5.alternate.url,images.default.6.alternate.url,images.default.7.alternate.url,images.default.8.alternate.url,images.default.9.alternate.url
"Pardon My Fro | Ziggy Silk Duster Plus Size, BLACK",PMF0622,850038550622.0,90.00,90.00,variant,https://images.acenda-static.com/afrochick/product/original/4/4837d21644b6e2d2c2f67f013c18fdad.jpg, https://images.acenda-static.com/afrochick/product/original/1/f7d6f682ce57ffe086b49b85e995580e.jpg, https://images.acenda-static.com/afrochick/product/original/1/a734d99c86e785cdae70cb5296099779.jpg, https://images.acenda-static.com/afrochick/product/original/4/48f70fe197a95b5237708a64cbcf21ba.jpg, https://images.acenda-static.com/afrochick/product/original/1/b36d80b7f9bcbf61ea1c3f450eea4ce7.jpg,,,,,
"Pardon My Fro | Squad Silk Duster Plus Size, BLACK",PMF0639,850038550639.0,90.00,90.00,variant,https://images.acenda-static.com/afrochick/product/original/1/bb0895e576b8c03855cdeed5d3988b2b.jpg, https://images.acenda-static.com/afrochick/product/original/1/cf2430037bcc40459a299185dd650573.jpg, https://images.acenda-static.com/afrochick/product/original/5/569e0b145bd413960d6e772fc63f7dfe.jpg, https://images.acenda-static.com/afrochick/product/original/1/0a4c08ecaae15c64a6eb921d538b16bd.jpg, https://images.acenda-static.com/afrochick/product/original/2/2a5dfe746f23f9d0b3e26cbd914ada48.jpg,,,,,
"Pardon My Fro | Mahogany Silk Duster Plus Size, YELLOW",PMF0646,850038550646.0,90.00,90.00,variant,https://images.acenda-static.com/afrochick/product/original/2/2eb498b9e097b3bf7983f3b2d0958e0d.jpg, https://images.acenda-static.com/afrochick/product/original/7/7feed59bfc1c83974295a18004ef2c28.jpg, https://images.acenda-static.com/afrochick/product/original/5/5b73f393c73fccb40f76fe64889ca230.jpg, https://images.acenda-static.com/afrochick/product/original/1/a577e7e0d8e60805db53019f909954f0.jpg, https://images.acenda-static.com/afrochick/product/original/4/468ed966893ad2c24c85511e4e971119.jpg,,,,,
"Pardon My Fro | Ziggy Silk Duster Misses, BLACK",PMF3241,850034803241.0,90.00,90.00,variant,https://images.acenda-static.com/afrochick/product/original/5/52dfed3644c2a56dbf04b8483e7bacae.jpg, https://images.acenda-static.com/afrochick/product/original/4/488ee4c3e7bfd6b40235e8663a9a64f8.jpg, https://images.acenda-static.com/afrochick/product/original/1/a734d99c86e785cdae70cb5296099779.jpg, https://images.acenda-static.com/afrochick/product/original/4/48f70fe197a95b5237708a64cbcf21ba.jpg, https://images.acenda-static.com/afrochick/product/original/1/b36d80b7f9bcbf61ea1c3f450eea4ce7.jpg,,,,,
"Pardon My Fro | Squad Silk Duster Misses, BLACK",PMF3258,850034803258.0,90.00,90.00,variant,https://images.acenda-static.com/afrochick/product/original/1/bb0895e576b8c03855cdeed5d3988b2b.jpg, https://images.acenda-static.com/afrochick/product/original/1/cf2430037bcc40459a299185dd650573.jpg, https://images.acenda-static.com/afrochick/product/original/5/569e0b145bd413960d6e772fc63f7dfe.jpg, https://images.acenda-static.com/afrochick/product/original/1/0a4c08ecaae15c64a6eb921d538b16bd.jpg, https://images.acenda-static.com/afrochick/product/original/2/2a5dfe746f23f9d0b3e26cbd914ada48.jpg,,,,,
"Pardon My Fro | Mahogany Silk Duster Misses, YELLOW",PMF3265,850034803265.0,90.00,90.00,variant,https://images.acenda-static.com/afrochick/product/original/2/2eb498b9e097b3bf7983f3b2d0958e0d.jpg, https://images.acenda-static.com/afrochick/product/original/7/7feed59bfc1c83974295a18004ef2c28.jpg, https://images.acenda-static.com/afrochick/product/original/5/5b73f393c73fccb40f76fe64889ca230.jpg, https://images.acenda-static.com/afrochick/product/original/1/a577e7e0d8e60805db53019f909954f0.jpg, https://images.acenda-static.com/afrochick/product/original/4/468ed966893ad2c24c85511e4e971119.jpg,,,,,
"Pardon My Fro | Squad Blue Weekender Travel Bag, BLUE",PMF3005,850034803005.0,125.00,125.00,variant,https://images.acenda-static.com/afrochick/product/original/1/1c12c9d920a7bc10652daa4a672a9c25.jpg, https://images.acenda-static.com/afrochick/product/original/6/6ebd43131a8c08a7c71640f06e18520a.jpg, https://images.acenda-static.com/afrochick/product/original/3/3aa1d5003f74cdb95fe6ebd0d1cc5589.jpg, https://images.acenda-static.com/afrochick/product/original/1/bf732356588d92fbdf007a484af36a6d.jpg, https://images.acenda-static.com/afrochick/product/original/3/3beb8f6b3de4fd0493fd622ed7f0e8b7.jpg,,,,,
"Pardon My Fro | Squad Orange Weekender Travel Bag, ORANGE",PMF3012,850034803012.0,125.00,125.00,variant,https://images.acenda-static.com/afrochick/product/original/1/132b90edacb18f77b18279e743f4fa82.jpg, https://images.acenda-static.com/afrochick/product/original/4/42b185349dfd943db242c51a01453083.jpg, https://images.acenda-static.com/afrochick/product/original/1/ccc851eac2e205e9d7f15fec6d10468f.jpg, https://images.acenda-static.com/afrochick/product/original/3/3beb8f6b3de4fd0493fd622ed7f0e8b7.jpg,,,,,,
"Pardon My Fro | Squad Red Weekender Travel Bag, RED",PMF3029,850034803029.0,125.00,125.00,variant,https://images.acenda-static.com/afrochick/product/original/1/01c4e6d390b5c1e3fbf7c632813e56a0.jpg, https://images.acenda-static.com/afrochick/product/original/3/3caa49b31fef2a04e990c505ca865aee.jpg, https://images.acenda-static.com/afrochick/product/original/1/06df83028c2d349ca88d595593a119b0.jpg, https://images.acenda-static.com/afrochick/product/original/1/b1d2f30aaeb85a76bd151dfd9d3a3661.jpg, https://images.acenda-static.com/afrochick/product/original/3/3beb8f6b3de4fd0493fd622ed7f0e8b7.jpg,,,,,
"Pardon My Fro | Mahogany Weekender Travel Bag, LIME GREEN",PMF3517,850034803517.0,125.00,125.00,variant,https://images.acenda-static.com/afrochick/product/original/7/7da8c26155d3ee6c6caf237d02d2228c.jpg, https://images.acenda-static.com/afrochick/product/original/6/6f874a80b7f647352b4ebb1a992554ac.jpg, https://images.acenda-static.com/afrochick/product/original/2/2ac52fbcb326018dcf99e5ff2017b4ba.jpg, https://images.acenda-static.com/afrochick/product/original/1/d3ce1ade93c95eb27e1bee4a4872832d.jpg, https://images.acenda-static.com/afrochick/product/original/3/3a99b324d665ec87079db4aed1280f43.jpg, https://images.acenda-static.com/afrochick/product/original/7/75ba508ba4683f4c726545f97a3a17e5.jpg, https://images.acenda-static.com/afrochick/product/original/1/fa810c1eeca8eb68308dd5ea94836bee.jpg,,,
"Pardon My Fro | Squad Flirty Pink Weekender Travel Bag, HOT PINK",PMF3623,850034803623.0,125.00,125.00,variant,https://images.acenda-static.com/afrochick/product/original/9/9fad0cb22016e526bbb84fb7c288b530.jpg, https://images.acenda-static.com/afrochick/product/original/6/6e6721d438d23101d1f4f02b069bc11c.jpg, https://images.acenda-static.com/afrochick/product/original/1/a9169a277d012c52e67a35cef82ef280.jpg, https://images.acenda-static.com/afrochick/product/original/1/fbfc7304e890e2e54d96bfdfa51c79ec.jpg, https://images.acenda-static.com/afrochick/product/original/2/275bb1fed8b99f0f83543dfa5aa2e066.jpg, https://images.acenda-static.com/afrochick/product/original/1/e9fc309473be3674dc184515808e8e2a.jpg, https://images.acenda-static.com/afrochick/product/original/7/7a3d78bdcc06a1211f7cf117149de195.jpg,,,
"Pardon My Fro | Squad Espresso Weekender Travel Bag, CHOCOLATE",PMF3647,850034803647.0,125.00,125.00,variant,https://images.acenda-static.com/afrochick/product/original/3/3c63531a848e1d1e0af31fbcb188320d.jpg, https://images.acenda-static.com/afrochick/product/original/1/fdb58b3abe15d863b8185ad86f3708d2.jpg, https://images.acenda-static.com/afrochick/product/original/6/6d0c90ceb44f72b09179385dd3c10222.jpg, https://images.acenda-static.com/afrochick/product/original/1/d8a274eeb151e6e4f4bb95dc57eff8e4.jpg, https://images.acenda-static.com/afrochick/product/original/1/b1529546bdffa693a986800e01c910a7.jpg, https://images.acenda-static.com/afrochick/product/original/2/2b1c4ac8396bf4de0bfa7476f13e01eb.jpg, https://images.acenda-static.com/afrochick/product/original/1/ba9550223af618f78a00136485a28036.jpg,,,
"Pardon My Fro | AFROBRATS Lily Jade Roller Bag, TEAL",AFB1126,850050171126.0,175.00,175.00,variant,https://images.acenda-static.com/afrochick/product/original/1/ee5b795379c08c474cb0f852c81a05f7.jpg, https://images.acenda-static.com/afrochick/product/original/6/66d81a0f5f975468b44206605dc0401b.jpg, https://images.acenda-static.com/afrochick/product/original/1/f1906957107c4e4242eca87eb0e3754f.jpg, https://images.acenda-static.com/afrochick/product/original/1/ac0643673453fdd478e323e41ad9f3d5.jpg, https://images.acenda-static.com/afrochick/product/original/1/0f0f8af6a3a5e806ec9d8e3e1f0e3119.jpg, https://images.acenda-static.com/afrochick/product/original/1/1645dd7182a8f19b18113614895c260a.jpg, https://images.acenda-static.com/afrochick/product/original/1/c4d6a96df4f802ad40da0d940dcc2766.jpg, https://images.acenda-static.com/afrochick/product/original/3/3f608e8b11200bda1edf5f7a0889e7ac.jpg,,
"Pardon My Fro | Mahogany Charcoal Roller Bag, GREY",PMF3609,850034803609.0,175.00,175.00,variant,https://images.acenda-static.com/afrochick/product/original/8/8b3c3f31b39cab004919c3068fbe3724.jpg, https://images.acenda-static.com/afrochick/product/original/1/0a7787d828f22df95c7248aef3746889.jpg, https://images.acenda-static.com/afrochick/product/original/1/db455a841590ff47ad9f4615ad19b80f.jpg, https://images.acenda-static.com/afrochick/product/original/7/70e2846142a5bc7fc6682a6292742efe.jpg, https://images.acenda-static.com/afrochick/product/original/1/b94ad249a6731aed43d4f8b9495745d8.jpg, https://images.acenda-static.com/afrochick/product/original/3/36df7e08a1ae1ebd0039c4b1ffed43d9.jpg, https://images.acenda-static.com/afrochick/product/original/1/f5bb956071acf803c686a2305d6286ea.jpg, https://images.acenda-static.com/afrochick/product/original/8/8c1502181e2253ee056ec1438435f371.jpg,,
"Pardon My Fro | Squad Lemon Roller Bag, YELLOW",PMF3616,850034803616.0,175.00,175.00,variant,https://images.acenda-static.com/afrochick/product/original/1/dae09ef6944ba120c3d8ab3b8fa0a451.jpg, https://images.acenda-static.com/afrochick/product/original/1/b784d8f52ed14c8aea396a835dccf617.jpg, https://images.acenda-static.com/afrochick/product/original/7/7510ecb8445bb0351167f10d0d0c1f19.jpg, https://images.acenda-static.com/afrochick/product/original/1/aca2fe1f1d7c0f8de3ad19e2d9ffd6f6.jpg, https://images.acenda-static.com/afrochick/product/original/1/b38cb60d49bb6d002772c5cfc0c2a83c.jpg, https://images.acenda-static.com/afrochick/product/original/1/d8d2edeb7ea23ed4679528a5db774c3f.jpg, https://images.acenda-static.com/afrochick/product/original/1/a49480f84232134aff0c77ad195bce64.jpg, https://images.acenda-static.com/afrochick/product/original/1/f45c07d8efa35e1815370c343d2a8cb5.jpg,,
"Pardon My Fro | Squad Yellow Cosmetic Bag, ",PMF7911,850036957911.0,24.00,24.00,variant,https://images.acenda-static.com/afrochick/product/original/7/75836350ac87ec7e6022bcca0dc4d293.jpg, https://images.acenda-static.com/afrochick/product/original/8/8975e722fd21b6f5b80870fc5f4a0896.jpg, https://images.acenda-static.com/afrochick/product/original/1/a64f1227968b9941bd7be248a598ad1b.jpg,,,,,,,
Pardon My Fro | Squad Blue Cosmetic Bag,PMF7966,850036957966.0,24.00,24.00,variant,https://images.acenda-static.com/afrochick/product/original/4/4f3c62e3a8f377fc4ec311a41b75fbfc.jpg, https://images.acenda-static.com/afrochick/product/original/1/f980434c4811823fd7c105e3a8d13bff.jpg, https://images.acenda-static.com/afrochick/product/original/1/01ab1200a01538631f27ee21841a54c1.jpg, https://images.acenda-static.com/afrochick/product/original/1/d2061714b574240fda15443d86bf0220.jpg,,,,,,
Pardon My Fro | Squad Espresso Cosmetic Bag,PMF7959,850036957959.0,24.00,24.00,variant,https://images.acenda-static.com/afrochick/product/original/8/8b3892d3043be59b533efe463c4b1f29.jpg, https://images.acenda-static.com/afrochick/product/original/7/7203fb23db6d7aad08e36df08ce7103f.jpg, https://images.acenda-static.com/afrochick/product/original/8/8e16a92b1395e02d48a328cf7da82b5e.jpg,,,,,,,
"Pardon My Fro | Royal Full/Queen Duvet Cover, Gray",PMF7464,850024117464.0,69.30,99.00,variant,https://images.acenda-static.com/afrochick/product/original/2/281adab63678facfb007bfe047f49e82.jpg, https://images.acenda-static.com/afrochick/product/original/1/025f1be6363f6236866468b60ea5ca58.jpg, https://images.acenda-static.com/afrochick/product/original/1/c78b9fac55417de3a92a3c2a1fb2292d.jpg, https://images.acenda-static.com/afrochick/product/original/1/d904a711989a6094806f09923920600a.jpg, https://images.acenda-static.com/afrochick/product/original/1/fb3193d6afad10963e57fe612deb4328.jpg,,,,,
"Pardon My Fro | Harmony Full/Queen Duvet Cover, Purple",PMF7440,850024117440.0,69.30,99.00,variant,https://images.acenda-static.com/afrochick/product/original/1/a7135849d5eb4b02dc6c4cb099503825.jpg, https://images.acenda-static.com/afrochick/product/original/1/a4962231d7143c40b5481233b027a3eb.jpg, https://images.acenda-static.com/afrochick/product/original/1/0f4954c122bd7ae3176aa624c34a8710.jpg, https://images.acenda-static.com/afrochick/product/original/1/13ac6d11500388c64f91bc4aa5dc138c.jpg, https://images.acenda-static.com/afrochick/product/original/4/41ac705083397cdfcbff1cd91f6c2f75.jpg,,,,,
"Pardon My Fro | Adira Full/Queen Duvet, Orange",PMF7488,850024117488.0,69.30,99.00,variant,https://images.acenda-static.com/afrochick/product/original/3/36c74a847582ac62184d31362283430e.jpg, https://images.acenda-static.com/afrochick/product/original/2/2d242059706213034a272250d64882a7.jpg, https://images.acenda-static.com/afrochick/product/original/1/db8c1d88489eec0f784b2cc770674e5d.jpg, https://images.acenda-static.com/afrochick/product/original/9/9745095305bd38f450f52fbdb927d5af.jpg, https://images.acenda-static.com/afrochick/product/original/1/151aac8555f2bbe0b30f7fa4d1858853.jpg,,,,,
"Pardon My Fro | Lily Full/Queen Duvet Cover, Pink",PMF7723,850024117723.0,69.30,99.00,variant,https://images.acenda-static.com/afrochick/product/original/1/a9b125a4d4687fc6dc3ac3b213a7429d.jpg, https://images.acenda-static.com/afrochick/product/original/1/e90af1bae0c95dc67aa648b6fb0b05a1.jpg, https://images.acenda-static.com/afrochick/product/original/1/d8d298621901487d40574b4dec760058.jpg, https://images.acenda-static.com/afrochick/product/original/5/526e0c51754c5604ae2b165cfce794c0.jpg, https://images.acenda-static.com/afrochick/product/original/2/238a670e47f2983796e66a5c0414df24.jpg,,,,,
"Pardon My Fro | Harmony King Duvet, Purple",PMF7457,850024117457.0,80.50,115.00,variant,https://images.acenda-static.com/afrochick/product/original/1/a7135849d5eb4b02dc6c4cb099503825.jpg, https://images.acenda-static.com/afrochick/product/original/1/a4962231d7143c40b5481233b027a3eb.jpg, https://images.acenda-static.com/afrochick/product/original/1/0f4954c122bd7ae3176aa624c34a8710.jpg, https://images.acenda-static.com/afrochick/product/original/1/f086764e69f58f9ea8748ebbee58572a.jpg,,,,,,
"Pardon My Fro | Royal King Duvet, Gray",PMF7471,850024117471.0,80.50,115.00,variant,https://images.acenda-static.com/afrochick/product/original/2/281adab63678facfb007bfe047f49e82.jpg, https://images.acenda-static.com/afrochick/product/original/1/025f1be6363f6236866468b60ea5ca58.jpg, https://images.acenda-static.com/afrochick/product/original/1/c78b9fac55417de3a92a3c2a1fb2292d.jpg, https://images.acenda-static.com/afrochick/product/original/1/fe22670d0c7d7fb9226570000dd45dd2.jpg,,,,,,
"Pardon My Fro | Adira King Duvet, Orange",PMF7495,850024117495.0,80.50,115.00,variant,https://images.acenda-static.com/afrochick/product/original/3/36c74a847582ac62184d31362283430e.jpg, https://images.acenda-static.com/afrochick/product/original/2/2d242059706213034a272250d64882a7.jpg, https://images.acenda-static.com/afrochick/product/original/1/db8c1d88489eec0f784b2cc770674e5d.jpg, https://images.acenda-static.com/afrochick/product/original/1/17defabbfc183df77ea63ac7aedf4229.jpg,,,,,,
"Pardon My Fro | Shanell White Non-slip Bath Mat, White",PMF7297,850024117297.0,29.00,29.00,variant,https://images.acenda-static.com/afrochick/product/original/9/977751d824bbebfdcb8341e39b423743.jpg, https://images.acenda-static.com/afrochick/product/original/9/9f1e6d3901dff726371f595adf6310cf.jpg, https://images.acenda-static.com/afrochick/product/original/1/a0662a29399bad763572f8560852b89a.jpg, https://images.acenda-static.com/afrochick/product/original/3/3adf46c1db3e937053c50492c79de67f.jpg, https://images.acenda-static.com/afrochick/product/original/9/9885e479f58c146c8cfab6f37cbb813a.jpg,,,,,
"Pardon My Fro | Shanell Orange Non-Slip Bath Mat, Orange",PMF7303,850024117303.0,29.00,29.00,variant,https://images.acenda-static.com/afrochick/product/original/1/08dda31a68e2b8ae12695eaceec0abab.jpg, https://images.acenda-static.com/afrochick/product/original/2/2d08ad49fc0932aed2d9c669aaf308c9.jpg, https://images.acenda-static.com/afrochick/product/original/9/990ec9db0013818c3e16171f6450e5f8.jpg, https://images.acenda-static.com/afrochick/product/original/7/73ab859aff7ab7edc8bab688c92a35db.jpg,,,,,,
"Pardon My Fro | Lily Pink Non-Slip Bath Mat, Pink",PMF7310,850024117310.0,29.00,29.00,variant,https://images.acenda-static.com/afrochick/product/original/4/4404cdd8196ca2154f108cb9febad868.jpg, https://images.acenda-static.com/afrochick/product/original/1/f9af1054fbc69ef6d50e643b0d9063db.jpg, https://images.acenda-static.com/afrochick/product/original/9/95ee0eb45aea43c8d11de509ad4b4d9b.jpg, https://images.acenda-static.com/afrochick/product/original/5/5e94d25fef74c3a0f20fbf525a4bd605.jpg, https://images.acenda-static.com/afrochick/product/original/9/9bbef20db98d199c85a5564b09f61ed5.jpg,,,,,
"Pardon My Fro | Oro White Non-Slop Bath Mat, White",PMF7327,850024117327.0,29.00,29.00,variant,https://images.acenda-static.com/afrochick/product/original/1/d5b5715be284785fc1e9fa4b60a81f78.jpg, https://images.acenda-static.com/afrochick/product/original/1/0c3197f9c6ed4df16a07407ee874b226.jpg, https://images.acenda-static.com/afrochick/product/original/7/7d91d98cf6d2235659215700f437c682.jpg, https://images.acenda-static.com/afrochick/product/original/9/9885e479f58c146c8cfab6f37cbb813a.jpg, https://images.acenda-static.com/afrochick/product/original/1/f1ecadef2310ed9d9cedad1e3a6e6933.jpg,,,,,
"Pardon My Fro | Royal Grey Non-Slip Bath Mat, Gray",PMF7334,850024117334.0,29.00,29.00,variant,https://images.acenda-static.com/afrochick/product/original/1/e188646646e395e5a9eff682d88bdaca.jpg, https://images.acenda-static.com/afrochick/product/original/5/53491628da4b783d58b0bbb11fccb556.jpg, https://images.acenda-static.com/afrochick/product/original/1/d30b002cb22058a9f8569870c7c6ba7a.jpg, https://images.acenda-static.com/afrochick/product/original/1/ab1f47e34a3e238a7c124f12e86bfedf.jpg, https://images.acenda-static.com/afrochick/product/original/9/9bbef20db98d199c85a5564b09f61ed5.jpg,,,,,
"Pardon My Fro | Royal White Non-Slip Bath Mat, White",PMF7341,850024117341.0,29.00,29.00,variant,https://images.acenda-static.com/afrochick/product/original/1/dd6f064a3582765cc0f0a61f51afd750.jpg, https://images.acenda-static.com/afrochick/product/original/9/937f45e1881be8db9bb8a65c1c343599.jpg, https://images.acenda-static.com/afrochick/product/original/1/f4b2c937521fe88744d44a7457e3c353.jpg, https://images.acenda-static.com/afrochick/product/original/9/93fc5a64993806cfd6d462622f0e583d.jpg, https://images.acenda-static.com/afrochick/product/original/9/9885e479f58c146c8cfab6f37cbb813a.jpg,,,,,
"Pardon My Fro | Harmony White Non-Slip Bath Mat, White",PMF7358,850024117358.0,29.00,29.00,variant,https://images.acenda-static.com/afrochick/product/original/8/8a17edb0726422a2947797fae47fa1bd.jpg, https://images.acenda-static.com/afrochick/product/original/1/be5af546cf622581d2113d10de6b0c66.jpg, https://images.acenda-static.com/afrochick/product/original/1/01801c442a14d8a8349e4722fa3053cb.jpg, https://images.acenda-static.com/afrochick/product/original/9/9885e479f58c146c8cfab6f37cbb813a.jpg, https://images.acenda-static.com/afrochick/product/original/1/daf0be0b91b9ef5cfd5adcda1091eefb.jpg,,,,,
"Pardon My Fro | Goddess Brown Non-Slip Bath Mat, Brown",PMF7171,850036957171.0,29.00,29.00,variant,https://images.acenda-static.com/afrochick/product/original/2/29b267648e458404635b64534f26a885.jpg,,,,,,,,,
"Pardon My Fro | Harmony Decorative Throw Pillow, Purple",PMF7655,850024117655.0,32.00,32.00,variant,https://images.acenda-static.com/afrochick/product/original/3/3f35ad9b56c07edf2e4a21a304731cce.jpg, https://images.acenda-static.com/afrochick/product/original/1/e5d2fb8c90b96f12080c5090e7625d00.jpg, https://images.acenda-static.com/afrochick/product/original/1/0400b6e98feb9a8c268a142b673a17e5.jpg,,,,,,,
"Pardon My Fro | Ziggy Decorative Throw Pillow, Black",PMF7631,850024117631.0,32.00,32.00,variant,https://images.acenda-static.com/afrochick/product/original/9/948023e392787f2eb9e0e640265bd03c.jpg, https://images.acenda-static.com/afrochick/product/original/9/97c1ad7eca39b63b26111e5b3143b1e5.jpg, https://images.acenda-static.com/afrochick/product/original/5/5b1977f1693ef69965b8f7d0d9926866.jpg,,,,,,,
"Pardon My Fro | King & Queen Decorative Throw Pillow, Cranberry",PMF7686,850024117686.0,32.00,32.00,variant,https://images.acenda-static.com/afrochick/product/original/1/c28bf2a085584bcc9776363208758854.jpg, https://images.acenda-static.com/afrochick/product/original/1/eb4faa8c3b5d1d02c94df12835f7d945.jpg, https://images.acenda-static.com/afrochick/product/original/1/00580aa6fc14667950979e6cf1dfe524.jpg, https://images.acenda-static.com/afrochick/product/original/1/f49b49076daa3c06321b81c57a4758d9.jpg,,,,,,
"Pardon My Fro | Royal Decorative Throw Pillow, Gray",PMF7051AC,850024117785.0,32.00,32.00,variant,https://images.acenda-static.com/afrochick/product/original/6/67ca052282bbb38addea9fbaf9de6906.jpg, https://images.acenda-static.com/afrochick/product/original/2/28bdb792823c953e79c26b300d6677a3.jpg, https://images.acenda-static.com/afrochick/product/original/7/71c9cc15fcb8d3a6503b3ff39e2b819c.jpg, https://images.acenda-static.com/afrochick/product/original/1/0dec71c6348b563eaf5c59a712fafa14.jpg,,,,,,
"Pardon My Fro | Oro Decorative Throw Pillow, White",PMF7693,850024117693.0,32.00,32.00,variant,https://images.acenda-static.com/afrochick/product/original/1/c025489caddedbd26f1ba1a9dda829f1.jpg, https://images.acenda-static.com/afrochick/product/original/3/31476f3a31833a130a5b55734d52c238.jpg, https://images.acenda-static.com/afrochick/product/original/7/79919db68ccfacaf3090510c484536f1.jpg, https://images.acenda-static.com/afrochick/product/original/1/f01667bb2e335bc5700f3de312195f1b.jpg,,,,,,
"Pardon My Fro | Lily Decorative Throw Pillow, Pink",PMF7747,850024117747.0,32.00,32.00,variant,https://images.acenda-static.com/afrochick/product/original/1/c2e9c3e9c72f8fb663dc9d1953917b81.jpg, https://images.acenda-static.com/afrochick/product/original/1/d93bfdc33753e7d5645a4f03d209ac30.jpg, https://images.acenda-static.com/afrochick/product/original/8/8a9f911074dc15800135964660f1549a.jpg, https://images.acenda-static.com/afrochick/product/original/6/6396c113e6a10625794a4e9b7950b824.jpg,,,,,,
"Pardon My Fro | Nola Decorative Throw Pillow, Tan",PMF7860,850024117860.0,32.00,32.00,variant,https://images.acenda-static.com/afrochick/product/original/1/edf7dd0eedd2647ccf87d405171d2d3b.jpg, https://images.acenda-static.com/afrochick/product/original/5/5177a9fdd536be8dc2f6ea0c003195b0.jpg, https://images.acenda-static.com/afrochick/product/original/1/e03b526900073687f76d60e8c5806650.jpg, https://images.acenda-static.com/afrochick/product/original/9/90afab11b0e8ae17d9405603bf535829.jpg,,,,,,
"Pardon My Fro | Bello Decorative Throw Pillow, Magenta",PMF7884,850024117884.0,32.00,32.00,variant,https://images.acenda-static.com/afrochick/product/original/4/44877798223d56378cd571fe2a914c26.jpg, https://images.acenda-static.com/afrochick/product/original/6/6916178be3f3e2dd24e2f592d81ac826.jpg, https://images.acenda-static.com/afrochick/product/original/1/0192e96a73627793f10cca10b7b3677f.jpg, https://images.acenda-static.com/afrochick/product/original/8/8f28738b0984d83d263b12c83ccfd3ee.jpg,,,,,,
"Pardon My Fro | Genesis Decorative Throw Pillow, Teal",PMF7891,850024117891.0,32.00,32.00,variant,https://images.acenda-static.com/afrochick/product/original/1/1fab03c11ca15acf7354d3e08cfa2b75.jpg, https://images.acenda-static.com/afrochick/product/original/2/2e6f15a0880a1d5560df08a01105c5f6.jpg, https://images.acenda-static.com/afrochick/product/original/1/a6ce917196a452f1f9f29716d5cec43b.jpg, https://images.acenda-static.com/afrochick/product/original/4/41d2ec3e1d6943e4acee64e32ed9ec06.jpg,,,,,,
"Pardon My Fro | Shanell Framed Wall Canvas Art Print, White",PMF7034,850036957034.0,26.00,65.00,variant,https://images.acenda-static.com/afrochick/product/original/6/674b1fdfd04af03a82b367548dcefaa5.jpg, https://images.acenda-static.com/afrochick/product/original/3/3035440570647893440471cc88510693.jpg, https://images.acenda-static.com/afrochick/product/original/8/855eaa3eed1e7de6a08cef9b5dc7de87.jpg, https://images.acenda-static.com/afrochick/product/original/1/acf6219eeefbf3fe65655efaa0fcd0b3.jpg, https://images.acenda-static.com/afrochick/product/original/1/f4ac029cc0bf3cf818dccdea872a3ff2.jpg,,,,,
"Pardon My Fro | Parke Framed Wall Canvas Art Print, White",PMF7058,850036957058.0,26.00,65.00,variant,https://images.acenda-static.com/afrochick/product/original/1/0a6ae9763f1ca7fbbd6962bde841e3c1.jpg, https://images.acenda-static.com/afrochick/product/original/1/c1d81fd5602ad2b3b44c33df8dbc23dd.jpg, https://images.acenda-static.com/afrochick/product/original/1/b098d6ff6d7a666fad94863728f813b5.jpg, https://images.acenda-static.com/afrochick/product/original/1/e38536d64435c3922c898c2bc36d5346.jpg, https://images.acenda-static.com/afrochick/product/original/1/f4ac029cc0bf3cf818dccdea872a3ff2.jpg,,,,,
"Pardon My Fro | King & Queen Framed Wall Canvas Art Print, Cranberry",PMF7041,850036957041.0,26.00,65.00,variant,https://images.acenda-static.com/afrochick/product/original/1/edba81a07a7e8ab6f568a61e4f92e19a.jpg, https://images.acenda-static.com/afrochick/product/original/1/dc192a59a7fb9a2eb700b345788d61cf.jpg, https://images.acenda-static.com/afrochick/product/original/9/992345318040176cac582a70113a7680.jpg, https://images.acenda-static.com/afrochick/product/original/1/ca43c5d70f9ea85e5a8c2b31b4198160.jpg, https://images.acenda-static.com/afrochick/product/original/1/f4ac029cc0bf3cf818dccdea872a3ff2.jpg,,,,,
"Pardon My Fro | Nola Framed Wall Canvas Art Print, Brown",PMF7997,850036957997.0,26.00,65.00,variant,https://images.acenda-static.com/afrochick/product/original/7/71098ecc1045220c7617578495fc6a25.jpg, https://images.acenda-static.com/afrochick/product/original/4/459a477190196e1ada7714e46690e87d.jpg, https://images.acenda-static.com/afrochick/product/original/2/2cd46b58aad6b4e712e252f52dc19927.jpg, https://images.acenda-static.com/afrochick/product/original/1/fbf3b4c941b3c9344007deb5ce5e6d85.jpg, https://images.acenda-static.com/afrochick/product/original/1/f4ac029cc0bf3cf818dccdea872a3ff2.jpg,,,,,
"Pardon My Fro | Squad Brown Tote Bag, brown",PMF7928,850036957928.0,99.00,99.00,variant,https://images.acenda-static.com/afrochick/product/original/1/ab244969b92f5e76ebbb3a66aa708426.jpg, https://images.acenda-static.com/afrochick/product/original/6/6c2a554a72268a92f7320b4bc9255550.jpg, https://images.acenda-static.com/afrochick/product/original/7/757677e7b589a6727725c2cc492d2383.jpg, https://images.acenda-static.com/afrochick/product/original/4/4a6e7d89f3b0ae7cdf7672834ca613c8.jpg, https://images.acenda-static.com/afrochick/product/original/7/7676e0f8495d4b692800536e3e450c43.jpg,,,,,
"Pardon My Fro | Tribe Blue Tote Bag, blue",PMF7935,850036957935.0,99.00,99.00,variant,https://images.acenda-static.com/afrochick/product/original/1/afeae7cf15b2512099b0aedcbe11af90.jpg, https://images.acenda-static.com/afrochick/product/original/1/a6fcce269ca1a223eb936a1de5661bc9.jpg, https://images.acenda-static.com/afrochick/product/original/1/a06ccd7626680c79548e63bcb846dc70.jpg, https://images.acenda-static.com/afrochick/product/original/8/81f1cba78ce6b02745c891aa249d8116.jpg, https://images.acenda-static.com/afrochick/product/original/7/7adea3a371c5ccc4854ff24581709cca.jpg, https://images.acenda-static.com/afrochick/product/original/8/8474ac0a5cceb365eea57471cfa6bec7.jpg, https://images.acenda-static.com/afrochick/product/original/1/f0fa4668539baa226dfac7287559050c.jpg, https://images.acenda-static.com/afrochick/product/original/6/612eccf49772ca444756697de6942e57.jpg,,
"Pardon My Fro | Mahogany Yellow Tote Bag, yellow",PMF7942,850036957942.0,99.00,99.00,variant,https://images.acenda-static.com/afrochick/product/original/2/2ce502373dd03ce48ef85d57a5456cdb.jpg, https://images.acenda-static.com/afrochick/product/original/7/7e7a141d184157142f89ec639be7c55e.jpg, https://images.acenda-static.com/afrochick/product/original/1/05335b81e717925fa4586ef1466d3845.jpg, https://images.acenda-static.com/afrochick/product/original/6/6bc925b1396cee6f4f903d8aa399a969.jpg, https://images.acenda-static.com/afrochick/product/original/1/c9aad667dc95a83cab7e6952047f88dd.jpg, https://images.acenda-static.com/afrochick/product/original/1/03afdb00e47e6c50eac74caf841c89c4.jpg, https://images.acenda-static.com/afrochick/product/original/4/438adf49db23d6876dc8b6a240115ac7.jpg, https://images.acenda-static.com/afrochick/product/original/6/6df790f93d0e16f5d8c6e5c78d7fa7f0.jpg, https://images.acenda-static.com/afrochick/product/original/1/a6fdd55bc7a07b7fb90f419583663a72.jpg,
"Pardon My Fro | Harlem Black Tote, black",PMF7980,850036957980.0,99.00,99.00,variant,https://images.acenda-static.com/afrochick/product/original/1/f199d12a0834c30f7994e181b1b07f99.jpg, https://images.acenda-static.com/afrochick/product/original/1/a6832a765866418697ff87c6419126ed.jpg, https://images.acenda-static.com/afrochick/product/original/5/592c5dc4a485261845ad17ffb9a40a5c.jpg, https://images.acenda-static.com/afrochick/product/original/7/7458caf26797966f52daaa69d5e0e988.jpg, https://images.acenda-static.com/afrochick/product/original/5/580e86b63670cc708c541113b985adaf.jpg, https://images.acenda-static.com/afrochick/product/original/6/6cf08e4bc7edb764d658ae80a6339b87.jpg,,,,
"Pardon My Fro | Ziggy Beach Towel, MULTI",PMF7556,850024117556.0,35.00,35.00,variant,https://images.acenda-static.com/afrochick/product/original/5/578e0d2f761d15beca852d850dbdd8ec.jpg, https://images.acenda-static.com/afrochick/product/original/1/1e4b36487a9155fdc06ee871d5f94aed.jpg, https://images.acenda-static.com/afrochick/product/original/1/c995718f07ac902d6bcff43624ab9c21.jpg, https://images.acenda-static.com/afrochick/product/original/5/59620335f75cce9ae624faf4265a2c0f.jpg,,,,,,
"Pardon My Fro | June Beach Towel, WHITE",PMF7563,850024117563.0,35.00,35.00,variant,https://images.acenda-static.com/afrochick/product/original/1/d2144b6eb84602317dae489e6d19e3cb.jpg, https://images.acenda-static.com/afrochick/product/original/5/5c6c2d9000446276367911305702ab7d.jpg, https://images.acenda-static.com/afrochick/product/original/1/1bd442225c3245b0c69a3f8f452e0375.jpg,,,,,,,
"Pardon My Fro | Summer Beach Towel, GREEN",PMF7570,850024117570.0,35.00,35.00,variant,https://images.acenda-static.com/afrochick/product/original/4/44e3ff74d8870efcced6277723dbae7e.jpg, https://images.acenda-static.com/afrochick/product/original/6/6aa4e02381b8fb3e7f53aa63caafa2a1.jpg, https://images.acenda-static.com/afrochick/product/original/7/72e7470f545f5090db5320164acbafa2.jpg,,,,,,,
"Pardon My Fro | Tribe Beach Towel, TEAL",PMF7587,850024117587.0,35.00,35.00,variant,https://images.acenda-static.com/afrochick/product/original/1/ad33e1b5a8b2f8acadbe8bc9287ea23d.jpg, https://images.acenda-static.com/afrochick/product/original/3/373c7424f6cd93259645525e5160444a.jpg, https://images.acenda-static.com/afrochick/product/original/1/e4656aa14bd0035904f28a34e41433fb.jpg, https://images.acenda-static.com/afrochick/product/original/5/55405570c9ab426ba81a24809f03dbeb.jpg, https://images.acenda-static.com/afrochick/product/original/4/4d581a698521c06db6fc6399c3c49d93.jpg,,,,,
"Pardon My Fro | Harlem Beach Towel, BLACK",PMF7594,850024117594.0,35.00,35.00,variant,https://images.acenda-static.com/afrochick/product/original/1/fb48f98a0f89cfea08b9397162739d54.jpg, https://images.acenda-static.com/afrochick/product/original/1/c0af73056a8eb2ffddfec645eb58bea6.jpg, https://images.acenda-static.com/afrochick/product/original/7/76e0ce2af3ec81918f28454ad387d804.jpg,,,,,,,
"Pardon My Fro | Lily Beach Towel, PINK",PMF7600,850024117600.0,35.00,35.00,variant,https://images.acenda-static.com/afrochick/product/original/1/07714a0c3509dfa509ac437838fa522a.jpg, https://images.acenda-static.com/afrochick/product/original/8/89147675209acae20392c82e034108d0.jpg, https://images.acenda-static.com/afrochick/product/original/1/f47af48cd5a873a0173f9d93bc99e2c6.jpg, https://images.acenda-static.com/afrochick/product/original/7/71d3d5822a4e56bc566f87d62704eb62.jpg,,,,,,
"Pardon My Fro | Harmony Grommet Shower Curtain, White",PMF7280,850024117280.0,38.00,38.00,variant,https://images.acenda-static.com/afrochick/product/original/7/73733eef30a8eee9374cde2d52046a59.jpg, https://images.acenda-static.com/afrochick/product/original/1/e89b730b335e811b4051b35c374817bc.jpg, https://images.acenda-static.com/afrochick/product/original/4/407b00fc9fba9156674fc3aad5d21007.jpg, https://images.acenda-static.com/afrochick/product/original/1/a29738f388d73b6c6057d450087e2502.jpg,,,,,,
"Pardon My Fro | Shanell Grommet Shower Curtain, White",PMF7235,850024117235.0,38.00,38.00,variant,https://images.acenda-static.com/afrochick/product/original/1/f825caffa79a027a6e3b7f9fae56b94d.jpg, https://images.acenda-static.com/afrochick/product/original/2/2b6af4ae85f5cc17f231a59df0cd0544.jpg, https://images.acenda-static.com/afrochick/product/original/8/8b0c74d0a7c9cf24f50ae687ca266f8b.jpg, https://images.acenda-static.com/afrochick/product/original/6/6c9041e11c12e59e66ce186b12d4c3a4.jpg, https://images.acenda-static.com/afrochick/product/original/2/22735b2dce6f56daefac5b1bd023d431.jpg,,,,,
"Pardon My Fro | Royal Grommet Shower Curtain, White",PMF7273,850024117273.0,38.00,38.00,variant,https://images.acenda-static.com/afrochick/product/original/1/b80ae3595773de128c3788e3b375f8bb.jpg, https://images.acenda-static.com/afrochick/product/original/1/bfc24b6f9b40a35853649a5947c7f360.jpg, https://images.acenda-static.com/afrochick/product/original/1/e40e587d4d15cbfdf70cfa2403687e56.jpg, https://images.acenda-static.com/afrochick/product/original/1/b5d573c1a11b02c9ffdb91f09c25b6f9.jpg, https://images.acenda-static.com/afrochick/product/original/5/58b5966519c007ac25b81568b71a3db9.jpg,,,,,
"Pardon My Fro | Oro Grommet Shower Curtain, White",PMF7907,850024117907.0,38.00,38.00,variant,https://images.acenda-static.com/afrochick/product/original/3/3c2a0f304adb00a52968d45088981cf6.jpg, https://images.acenda-static.com/afrochick/product/original/2/28b710dfa34026a130384141d4fa47ca.jpg, https://images.acenda-static.com/afrochick/product/original/8/8c3ba98179379e7be545b8f0a76c81fa.jpg, https://images.acenda-static.com/afrochick/product/original/2/229b159b5b5f1df6a4472750cb37a70c.jpg,,,,,,
"Pardon My Fro | Shanell Grommet Shower Curtain, Orange",PMF7242,850024117242.0,38.00,38.00,variant,https://images.acenda-static.com/afrochick/product/original/3/316c9eda4c55e4a7657fac37e0cde62b.jpg, https://images.acenda-static.com/afrochick/product/original/1/d73d31b19c57d053df01f06bcd9851b4.jpg, https://images.acenda-static.com/afrochick/product/original/6/6ab6465a9275d7cb38d17020ba86e942.jpg, https://images.acenda-static.com/afrochick/product/original/1/a84ddd5106058b18b547135f6ed2251a.jpg, https://images.acenda-static.com/afrochick/product/original/9/9748a6be6ee16ba35b5bc24a72550786.jpg,,,,,
"Pardon My Fro | Royal Grommet Shower Curtain, Gray",PMF7259,850024117259.0,38.00,38.00,variant,https://images.acenda-static.com/afrochick/product/original/1/f7deefad42a34d9a12b97b6577872bda.jpg, https://images.acenda-static.com/afrochick/product/original/5/502c8ed519ba904d8d4f57e02ed22d3c.jpg, https://images.acenda-static.com/afrochick/product/original/3/3f76f98cd2d425dacef8186a3da30a69.jpg, https://images.acenda-static.com/afrochick/product/original/1/01efa1cd084f253db64d3c4c7fc46eea.jpg, https://images.acenda-static.com/afrochick/product/original/1/0d60a6915452bd8eb2c28598c5dc686a.jpg,,,,,
"Pardon My Fro | Lily Grommet Shower Curtain, Pink",PMF7266,850024117266.0,38.00,38.00,variant,https://images.acenda-static.com/afrochick/product/original/1/a1284bcc1e8047be640783766eaab805.jpg, https://images.acenda-static.com/afrochick/product/original/4/476ec655b89d379668d27c412d8558fd.jpg, https://images.acenda-static.com/afrochick/product/original/1/f27b35da59eee9c45ac926bc29cd5475.jpg, https://images.acenda-static.com/afrochick/product/original/5/53816a0dc7165697890713f3a0ad5df8.jpg, https://images.acenda-static.com/afrochick/product/original/2/23a5c65d1874edc1f9ab9891c0050520.jpg,,,,,
"Pardon My Fro | Goddess Brown Grommet Shower Curtain, Brown",PMF7188,850036957188.0,38.00,38.00,variant,https://images.acenda-static.com/afrochick/product/original/4/43ba9f28f5b6df85767f0ab07225d749.jpg, https://images.acenda-static.com/afrochick/product/original/5/57def0351d1c7ef66b42010fa2482b3b.jpg, https://images.acenda-static.com/afrochick/product/original/1/0ba7d779cbfe05d674120533142a2763.jpg, https://images.acenda-static.com/afrochick/product/original/9/928e206a71ee66517df0711a63d8810b.jpg,,,,,,
"Pardon My Fro | Ziggy Faux Shearling  Plush Fleece Throw Blanket, Black",PMF7525,850024117525.0,48.00,48.00,variant,https://images.acenda-static.com/afrochick/product/original/1/08bc27bbf25132d4ad2dd18fa9414d4e.jpg, https://images.acenda-static.com/afrochick/product/original/3/3f3f559a09f208be9f34e43db54d6fd3.jpg, https://images.acenda-static.com/afrochick/product/original/6/66c5c5b6e0d4170882bd62228f4fc5b5.jpg, https://images.acenda-static.com/afrochick/product/original/1/eaa31ca9941a4106493eb9be93cb49b8.jpg, https://images.acenda-static.com/afrochick/product/original/1/fe5c7af25dfa3c8855414a24b97b9618.jpg,,,,,
"Pardon My Fro | Harmony Faux Shearling  Plush Fleece Throw Blanket, Purple",PMF7549,850024117549.0,48.00,48.00,variant,https://images.acenda-static.com/afrochick/product/original/1/b0211f0b5efedd86c73d09d8cfc10107.jpg, https://images.acenda-static.com/afrochick/product/original/5/5a1102ce08ec6690aea3042691c53542.jpg, https://images.acenda-static.com/afrochick/product/original/9/9fb6cf823456754242c1d5e6896ade37.jpg, https://images.acenda-static.com/afrochick/product/original/1/17dacdfe782a0672815887ec4166d8c9.jpg, https://images.acenda-static.com/afrochick/product/original/1/cf1e795a9a8bcc877749d0011ea8a311.jpg,,,,,
"Pardon My Fro | King & Queen Faux Shearling  Plush Fleece Throw Blanket, Cranberry",PMF7730,850024117730.0,48.00,48.00,variant,https://images.acenda-static.com/afrochick/product/original/2/2b8862f36db924ed2da9bcd9e0a4b2ca.jpg, https://images.acenda-static.com/afrochick/product/original/1/cf7911d56fa02cbd5df94f69adfe2afd.jpg, https://images.acenda-static.com/afrochick/product/original/5/5324fbb528b6ed57afea265abbf5aa05.jpg, https://images.acenda-static.com/afrochick/product/original/1/dca79ba27d46411d362ed822c1a77764.jpg, https://images.acenda-static.com/afrochick/product/original/1/e19f726a92ee6d8e324996f5bccc1651.jpg,,,,,
"Pardon My Fro | Oro Faux Shearling  Plush Fleece Throw Blanket, White",PMF7006,850024117006.0,48.00,48.00,variant,https://images.acenda-static.com/afrochick/product/original/3/3433fa4b635a076d3829076c4320a627.jpg, https://images.acenda-static.com/afrochick/product/original/1/b4af8d164fb0d6c1e290dd02a7bbae3c.jpg, https://images.acenda-static.com/afrochick/product/original/6/63383f342d072736f0a8a92b86c00907.jpg, https://images.acenda-static.com/afrochick/product/original/8/8368a7ac05334d7e88b440386aad882e.jpg,,,,,,
"Pardon My Fro | Nola Faux Shearling  Plush Fleece Throw Blanket, Tan",PMF7662,850024117662.0,48.00,48.00,variant,https://images.acenda-static.com/afrochick/product/original/5/5e6420cb03587c7c99294f3d8ede41fd.jpg, https://images.acenda-static.com/afrochick/product/original/4/43307d40f88ec0f693b516363d5b0e22.jpg, https://images.acenda-static.com/afrochick/product/original/1/0f382fc50853d85fff61f8bd55480711.jpg, https://images.acenda-static.com/afrochick/product/original/3/3bdeab9d829a678242b29ca47a89a467.jpg, https://images.acenda-static.com/afrochick/product/original/1/0dcf2592af28ab9c464ee235b2f5708a.jpg,,,,,
"Pardon My Fro | Adira Faux Shearling  Plush Fleece Throw Blanket, Orange",PMF7839,850024117839.0,48.00,48.00,variant,https://images.acenda-static.com/afrochick/product/original/7/73f7f2c913a7c841faf389d423ed3fc8.jpg, https://images.acenda-static.com/afrochick/product/original/7/7cf4ac06ab99e64efd9068f1361a177e.jpg, https://images.acenda-static.com/afrochick/product/original/1/f5159b110c888b0ee2416ce01b35448e.jpg, https://images.acenda-static.com/afrochick/product/original/4/469ae57d6ef7652cb62b5dfc9e6a01d8.jpg, https://images.acenda-static.com/afrochick/product/original/5/5cde1d597bd48883095414e8b601b2cd.jpg,,,,,
"Pardon My Fro | Bello Faux Shearling  Plush Fleece Throw Blanket, Magenta",PMF7846,850024117846.0,48.00,48.00,variant,https://images.acenda-static.com/afrochick/product/original/7/7d082e38967bb35b3d25721aa6e08b49.jpg, https://images.acenda-static.com/afrochick/product/original/2/27f54a567fd865a199614b5612b17e5c.jpg, https://images.acenda-static.com/afrochick/product/original/7/7fd5d71391d41742e159e5be143d127d.jpg, https://images.acenda-static.com/afrochick/product/original/1/f46acaf67a5f6a8a4c5e6ba60f0c7852.jpg, https://images.acenda-static.com/afrochick/product/original/1/da173320485e7560c17428b117acdfd4.jpg,,,,,
"Pardon My Fro | Genesis Faux Shearling  Plush Fleece Throw Blanket, Teal",PMF7853,850024117853.0,48.00,48.00,variant,https://images.acenda-static.com/afrochick/product/original/6/690e198896430023ccf6949152a9ab54.jpg, https://images.acenda-static.com/afrochick/product/original/1/c9af60e17b68ef3ad9044be8bfe2b206.jpg, https://images.acenda-static.com/afrochick/product/original/5/533fce1585d9b85601cbbfc0dc816cb3.jpg, https://images.acenda-static.com/afrochick/product/original/8/85be4d07c32999220171ec3cb9dbce08.jpg, https://images.acenda-static.com/afrochick/product/original/7/7a4155dad3706703dd2fbfe66a334867.jpg,,,,,
"Pardon My Fro | Goddess Faux Shearling  Plush Fleece Throw Blanket, Brown",PMF0868,850038550868.0,48.00,48.00,variant,https://images.acenda-static.com/afrochick/product/original/1/0943546416577cde2d6efe34612c5aa1.jpg, https://images.acenda-static.com/afrochick/product/original/3/3bfd49b374f93feebd28e7807dc65a58.jpg, https://images.acenda-static.com/afrochick/product/original/7/72f821c03c4ff6e5109a3bcf0be54618.jpg, https://images.acenda-static.com/afrochick/product/original/6/6e341b271238bf23de836c3834fba1db.jpg, https://images.acenda-static.com/afrochick/product/original/3/3af4dc11fcbc8a0a95e2fabec7feba76.jpg,,,,,
"Pardon My Fro | Luxe Faux Shearling  Plush Fleece Throw Blanket, Grey",PMF0875,850038550875.0,48.00,48.00,variant,https://images.acenda-static.com/afrochick/product/original/1/b94dd3b1a3ee605de7642ceb490905e8.jpg, https://images.acenda-static.com/afrochick/product/original/8/80f40a0b7ebc61197105e98bf9a18b12.jpg, https://images.acenda-static.com/afrochick/product/original/1/f59cd537f96febb2480629c7451c78b9.jpg, https://images.acenda-static.com/afrochick/product/original/1/e96f579dbbdef818fcea9c49b82b45f6.jpg,,,,,,
"Pardon My Fro | Lennon Faux Shearling  Plush Fleece Throw Blanket, Orange",PMF0882,850038550882.0,48.00,48.00,variant,https://images.acenda-static.com/afrochick/product/original/7/7ce4e176ef72c486464268086cceb04a.jpg, https://images.acenda-static.com/afrochick/product/original/1/0be8ac26ba72c58d950eca14aa8cf8c6.jpg, https://images.acenda-static.com/afrochick/product/original/1/0d16b65df2f825291820bfa074c7b632.jpg, https://images.acenda-static.com/afrochick/product/original/6/6e341b271238bf23de836c3834fba1db.jpg, https://images.acenda-static.com/afrochick/product/original/1/f094eca410222b6c0aabc953811a7647.jpg,,,,,
"Pardon My Fro | Muse Faux Shearling  Plush Fleece Throw Blanket, Purple",PMF0899,850038550899.0,48.00,48.00,variant,https://images.acenda-static.com/afrochick/product/original/1/ed4eb6e633927c030bf41764d739ba1e.jpg, https://images.acenda-static.com/afrochick/product/original/1/03b19da4f72e93544bb4180740c2ebe6.jpg, https://images.acenda-static.com/afrochick/product/original/1/eb3a52de981e4d0b20c4768e600429a3.jpg, https://images.acenda-static.com/afrochick/product/original/6/6e341b271238bf23de836c3834fba1db.jpg, https://images.acenda-static.com/afrochick/product/original/1/afb41fbc952089b03c162074390680f4.jpg,,,,,
"Pardon My Fro | Lily Faux Shearling  Plush Fleece Throw Blanket, Pink",PMF7679,850024117679.0,48.00,48.00,variant,https://images.acenda-static.com/afrochick/product/original/1/b980e36150d8c1e4dc97f86a157bf3b3.jpg, https://images.acenda-static.com/afrochick/product/original/7/76c9628b998d62b3dd58449d3ed5c549.jpg, https://images.acenda-static.com/afrochick/product/original/1/adb4aa9220a8a39279b09f7ffa314ac9.jpg, https://images.acenda-static.com/afrochick/product/original/1/0edb2923e37b71560ca9ef1b373c88ca.jpg, https://images.acenda-static.com/afrochick/product/original/1/aadc20b19f7c0b2cfe3bade085febbc6.jpg,,,,,
"Pardon My Fro | Lily Faux Shearling  Plush Fleece Throw Blanket, Pink",AFB,850024117678.0,48.00,48.00,variant,https://images.acenda-static.com/afrochick/product/original/1/b980e36150d8c1e4dc97f86a157bf3b3.jpg, https://images.acenda-static.com/afrochick/product/original/7/76c9628b998d62b3dd58449d3ed5c549.jpg, https://images.acenda-static.com/afrochick/product/original/1/adb4aa9220a8a39279b09f7ffa314ac9.jpg, https://images.acenda-static.com/afrochick/product/original/1/0edb2923e37b71560ca9ef1b373c88ca.jpg, https://images.acenda-static.com/afrochick/product/original/1/aadc20b19f7c0b2cfe3bade085febbc6.jpg,,,,,
"Pardon My Fro | Oliver Faux Shearling  Plush Fleece Throw Blanket, Oliver",AFB1010,850050171010.0,48.00,48.00,variant,https://images.acenda-static.com/afrochick/product/original/1/ec4227079e3f3428c23528ac66030f0f.jpg, https://images.acenda-static.com/afrochick/product/original/1/da80af3c94c32d0e191ab3512fd8b819.jpg, https://images.acenda-static.com/afrochick/product/original/2/2fd32133bb5c8a6f749ce8773cf6ac7f.jpg, https://images.acenda-static.com/afrochick/product/original/6/6e341b271238bf23de836c3834fba1db.jpg, https://images.acenda-static.com/afrochick/product/original/1/b29a6ff7385164b01b2a713d649103ad.jpg,,,,,
"Pardon My Fro | Geek Faux Shearling  Plush Fleece Throw Blanket, White",AFB1003,850050171003.0,48.00,48.00,variant,https://images.acenda-static.com/afrochick/product/original/1/0d60722a0a1446a2ad59567ce7a9262b.jpg, https://images.acenda-static.com/afrochick/product/original/1/f42747dc0f1609a48fba101eeb598afd.jpg, https://images.acenda-static.com/afrochick/product/original/1/b704fff0e8188e7181ebd2069c1196fc.jpg, https://images.acenda-static.com/afrochick/product/original/6/6e341b271238bf23de836c3834fba1db.jpg, https://images.acenda-static.com/afrochick/product/original/1/14bb4cce3f98dd3abeaeec1ecab94fb4.jpg,,,,,
"Pardon My Fro | Onyx Blue Faux Fox Fur Blanket , Blue",PMF3043,850034803043.0,135.00,135.00,variant,https://images.acenda-static.com/afrochick/product/original/1/bd4736d6a5eac9147ba1b3496bd04103.jpg, https://images.acenda-static.com/afrochick/product/original/1/13ba743776ae66cf0b478d803299385c.jpg, https://images.acenda-static.com/afrochick/product/original/1/ce892173092cd9550ca8fcf4e001eb25.jpg, https://images.acenda-static.com/afrochick/product/original/1/cb426072b69dd510a0797a31f64aea92.jpg, https://images.acenda-static.com/afrochick/product/original/6/671beb286ef53fcd579e094784232b2c.jpg,,,,,
"Pardon My Fro | Mood Green Faux Fox Fur Blanket , Green",PMF3050,850034803050.0,135.00,135.00,variant,https://images.acenda-static.com/afrochick/product/original/3/3997a0eba1f0a513d3bd62786715fee5.jpg, https://images.acenda-static.com/afrochick/product/original/8/8036fae1842daac147435300f8447c10.jpg, https://images.acenda-static.com/afrochick/product/original/1/ed25af57b701403f1fcb72bd4d1e8be0.jpg, https://images.acenda-static.com/afrochick/product/original/5/55fd9f69bdc5216d608ee0ba9eb18bde.jpg, https://images.acenda-static.com/afrochick/product/original/1/b30caf1107f76e3ab55ac704c3337aa4.jpg,,,,,
"Pardon My Fro | Mahogany Black Faux Fox Fur Blanket , Black",PMF3067,850034803067.0,135.00,135.00,variant,https://images.acenda-static.com/afrochick/product/original/1/c9f1616db59c5ff771b5037e3a7cd516.jpg, https://images.acenda-static.com/afrochick/product/original/9/9f1c99cdf4774e973f4b477c62018cde.jpg, https://images.acenda-static.com/afrochick/product/original/1/a5946e3e922b0761d031d11f7c1c4240.jpg, https://images.acenda-static.com/afrochick/product/original/9/9624d97d24d0e7651bcbf7207015bbf4.jpg, https://images.acenda-static.com/afrochick/product/original/9/94fdae1108ae02f929845cf075569989.jpg,,,,,
"Pardon My Fro | Nola Brown Faux Fox Fur Blanket , Brown",PMF3074,850034803074.0,135.00,135.00,variant,https://images.acenda-static.com/afrochick/product/original/8/833a97365adf7eea5f45aa379759169d.jpg, https://images.acenda-static.com/afrochick/product/original/8/8036fae1842daac147435300f8447c10.jpg, https://images.acenda-static.com/afrochick/product/original/2/2b2fb506f1999a6a33ee35cd954181c9.jpg, https://images.acenda-static.com/afrochick/product/original/1/c728afe17919c830a606e6acecc413cc.jpg, https://images.acenda-static.com/afrochick/product/original/7/7b47e6bf1c7e3860dd0aae3aaa5d5fdc.jpg,,,,,
"Pardon My Fro | Lily Woven Throw, Pink",PMF0790,850038550790.0,75.00,75.00,variant,https://images.acenda-static.com/afrochick/product/original/9/9fd215484eda8fe7f7d623afc3aaa9b6.jpg, https://images.acenda-static.com/afrochick/product/original/1/c768801dfe6ba15a30c3940c346eb36f.jpg, https://images.acenda-static.com/afrochick/product/original/5/586a7f668ce4170f8fb42553e7b899f8.jpg, https://images.acenda-static.com/afrochick/product/original/8/80b4aefd4e54d8e7388d02a41262fef3.jpg,,,,,,
"Pardon My Fro | Shanell Woven Throw, Yellow",PMF0806,850038550806.0,75.00,75.00,variant,https://images.acenda-static.com/afrochick/product/original/1/f029a563023200f7d6d5956c4e56982e.jpg, https://images.acenda-static.com/afrochick/product/original/1/19652ae90fc73b836706bf9587ff5231.jpg, https://images.acenda-static.com/afrochick/product/original/4/481894bb3dceb731edd169501e372830.jpg, https://images.acenda-static.com/afrochick/product/original/1/c495cfa83488555523ea40f4794768e3.jpg, https://images.acenda-static.com/afrochick/product/original/1/107ba0080af7adc99cd7fef70e1f20d1.jpg,,,,,
"Pardon My Fro | Royal Woven Throw, Brown",PMF0813,850038550813.0,75.00,75.00,variant,https://images.acenda-static.com/afrochick/product/original/1/fa048d9bed2b79419b398a993221a03f.jpg, https://images.acenda-static.com/afrochick/product/original/6/689a0057ff14b4beba4cf12d10945eca.jpg, https://images.acenda-static.com/afrochick/product/original/7/7e68d0a3e4c7c032f4cb8223a52dcc16.jpg, https://images.acenda-static.com/afrochick/product/original/3/3e926c116154a8c61a11041b1a72b1eb.jpg,,,,,,
"Pardon My Fro | Adira Woven Throw, Green",PMF0820,850038550820.0,75.00,75.00,variant,https://images.acenda-static.com/afrochick/product/original/9/9a6d56e3d753724c7bcdea6d8714783e.jpg, https://images.acenda-static.com/afrochick/product/original/9/9019a00ab0c65c9202f8c7596eed7e14.jpg, https://images.acenda-static.com/afrochick/product/original/7/7d19b77dbebef0344839d14b8bbf01f9.jpg, https://images.acenda-static.com/afrochick/product/original/5/5241735cc8d6a1d99d0f479a30f03145.jpg, https://images.acenda-static.com/afrochick/product/original/3/366c4303d06fe013e6fdfea3a89fa240.jpg,,,,,
Pardon My Fro Hair Wrap - Mahogany,PMF0240,850038550240.0,24.50,24.50,variant,https://images.acenda-static.com/afrochick/product/original/1/a2bc176de5af11600f10bdfd77f05ba8.jpg, https://images.acenda-static.com/afrochick/product/original/2/2089f96ee4e25846a99cc352a8ef52f0.jpg, https://images.acenda-static.com/afrochick/product/original/2/28f748db46d4e17fbd662a1c45c57a6f.jpg, https://images.acenda-static.com/afrochick/product/original/7/79a2d87b5740203528187ea527bfe7ef.jpg, https://images.acenda-static.com/afrochick/product/original/1/07f1f459bbf4ab2728dc99cf7e34224d.jpg, https://images.acenda-static.com/afrochick/product/original/1/0895f73f7eeadd414c9c18d89d2a8b6f.jpg,,,,
Pardon My Fro Hair Wrap - Harlem,PMF0233,850038550233.0,24.50,24.50,variant,https://images.acenda-static.com/afrochick/product/original/1/ff440f2c816b8819dde5610e41837e68.jpg, https://images.acenda-static.com/afrochick/product/original/6/69e5e2167924e9f7ed91d83b8bbe6b9e.jpg, https://images.acenda-static.com/afrochick/product/original/1/b73bc66eeeb11740a51368ef983bcc49.jpg, https://images.acenda-static.com/afrochick/product/original/4/4d2f4032869da2c10aa02b6b3c81686b.jpg, https://images.acenda-static.com/afrochick/product/original/1/a17061675994ef9e6d9c72cc7bd9d43b.jpg, https://images.acenda-static.com/afrochick/product/original/4/4430e995afcabafb8a65ca3886ee8c77.jpg,,,,
Pardon My Fro Hair Wrap - Ziggy,PMF0288,850038550288.0,24.50,24.50,variant,https://images.acenda-static.com/afrochick/product/original/1/e3d26f8276d6351d8c3ad99afcbf9fe6.jpg, https://images.acenda-static.com/afrochick/product/original/7/7e14a6a7326eb6a0e6cd802b15a5de80.jpg, https://images.acenda-static.com/afrochick/product/original/1/de4ea81cacdfc6d5896b804fdbed94d7.jpg, https://images.acenda-static.com/afrochick/product/original/1/197cb436e51a92c7276b021d87a3d651.jpg, https://images.acenda-static.com/afrochick/product/original/1/d60da600f4c43ed4b9c8e34a5190a7c4.jpg, https://images.acenda-static.com/afrochick/product/original/6/6845681d4cb4b702fa959ec862b67a7f.jpg,,,,
Pardon My Fro Hair Wrap - Adira,PMF0226,850038550226.0,24.50,24.50,variant,https://images.acenda-static.com/afrochick/product/original/1/bd729e4cef481c4c588d4daf81f10964.jpg, https://images.acenda-static.com/afrochick/product/original/6/6a23b83f288b7caaeacecf0d2d201d89.jpg, https://images.acenda-static.com/afrochick/product/original/1/ba139b5e13d72664f9daefbef9c3ff44.jpg, https://images.acenda-static.com/afrochick/product/original/6/64f50f70eebe5dd007478f799781643d.jpg, https://images.acenda-static.com/afrochick/product/original/1/d5c4592e6f8bb4a6b62271ba2dbc20b1.jpg, https://images.acenda-static.com/afrochick/product/original/2/2a170244bd9b60c92e3741287fbe7c0a.jpg, https://images.acenda-static.com/afrochick/product/original/1/f19169430df26024a2eefe0f371a74a0.jpg,,,
Tribe - Electric Lime - Missy,PMF5701,850036725701.0,79.00,79.00,variant,https://images.acenda-static.com/afrochick/product/original/1/f2218ffaf6da3217d0c7002ee1883beb.jpg, https://images.acenda-static.com/afrochick/product/original/1/cbb8983f140f8775afcb6103a6d6b204.jpg,,,,,,,,
Ziggy - Midnight - Missy,PMF5718,850036725718.0,79.00,79.00,variant,https://images.acenda-static.com/afrochick/product/original/1/0913cc37d291b181007da3fb4e6b55b7.jpg, https://images.acenda-static.com/afrochick/product/original/3/3377eb16a92a664c8c17d5b206a876a1.jpg,,,,,,,,
Tribe - Electric Lime - Plus,PMF5725,850036725725.0,79.00,79.00,variant,https://images.acenda-static.com/afrochick/product/original/1/f2218ffaf6da3217d0c7002ee1883beb.jpg, https://images.acenda-static.com/afrochick/product/original/1/cbb8983f140f8775afcb6103a6d6b204.jpg,,,,,,,,
Ziggy - Midnight - Plus,PMF5794,850036725794.0,79.00,79.00,variant,https://images.acenda-static.com/afrochick/product/original/1/0913cc37d291b181007da3fb4e6b55b7.jpg, https://images.acenda-static.com/afrochick/product/original/3/3377eb16a92a664c8c17d5b206a876a1.jpg,,,,,,,,
Pardon My Fro Trench Coat - Lime Punch - Missy - Small,PMF5046,850036725046.0,99.00,99.00,variant,https://images.acenda-static.com/afrochick/product/original/5/57d46fb6ef2fc85df63b42fc7bfdb3c7.jpg, https://images.acenda-static.com/afrochick/product/original/6/6d403b34191e6d731f76d132654fd4fa.jpg,,,,,,,,
Pardon My Fro Trench Coat - Harlem Red - Missy - Small,PMF5060,850036725060.0,99.00,99.00,variant,https://images.acenda-static.com/afrochick/product/original/1/c35ff6cc4262fb20416aee095fa34f02.jpg, https://images.acenda-static.com/afrochick/product/original/1/cf4dd6bb663ca595c82291e52bb27abb.jpg,,,,,,,,
Pardon My Fro Trench Coat - Sherbert Blue - Missy - Small,PMF5053,850036725053.0,99.00,99.00,variant,https://images.acenda-static.com/afrochick/product/original/2/258470cdf1a9323928b1413ce0f9b1ca.jpg, https://images.acenda-static.com/afrochick/product/original/4/46817dc3361c7fac25b8297d2789d59d.jpg,,,,,,,,
Pardon My Fro Trench Coat - Lime Punch - Missy - Medium,PMF5084,850036725084.0,99.00,99.00,variant,https://images.acenda-static.com/afrochick/product/original/5/57d46fb6ef2fc85df63b42fc7bfdb3c7.jpg, https://images.acenda-static.com/afrochick/product/original/6/6d403b34191e6d731f76d132654fd4fa.jpg,,,,,,,,
Pardon My Fro Trench Coat - Harlem Red - Missy - Medium,PMF5114,850036725114.0,99.00,99.00,variant,https://images.acenda-static.com/afrochick/product/original/1/c35ff6cc4262fb20416aee095fa34f02.jpg, https://images.acenda-static.com/afrochick/product/original/1/cf4dd6bb663ca595c82291e52bb27abb.jpg,,,,,,,,
Pardon My Fro Trench Coat - Sherbert Blue - Missy - Medium,PMF5091,850036725091.0,99.00,99.00,variant,https://images.acenda-static.com/afrochick/product/original/2/258470cdf1a9323928b1413ce0f9b1ca.jpg, https://images.acenda-static.com/afrochick/product/original/4/46817dc3361c7fac25b8297d2789d59d.jpg,,,,,,,,
Pardon My Fro Trench Coat - Lime Punch - Missy - Large,PMF5121,850036725121.0,99.00,99.00,variant,https://images.acenda-static.com/afrochick/product/original/5/57d46fb6ef2fc85df63b42fc7bfdb3c7.jpg, https://images.acenda-static.com/afrochick/product/original/6/6d403b34191e6d731f76d132654fd4fa.jpg,,,,,,,,
Pardon My Fro Trench Coat - Harlem Red - Missy - Large,PMF5145,850036725145.0,99.00,99.00,variant,https://images.acenda-static.com/afrochick/product/original/1/c35ff6cc4262fb20416aee095fa34f02.jpg, https://images.acenda-static.com/afrochick/product/original/1/cf4dd6bb663ca595c82291e52bb27abb.jpg,,,,,,,,
Pardon My Fro Trench Coat - Sherbert Blue - Missy - Large,PMF5138,850036725138.0,99.00,99.00,variant,https://images.acenda-static.com/afrochick/product/original/2/258470cdf1a9323928b1413ce0f9b1ca.jpg, https://images.acenda-static.com/afrochick/product/original/4/46817dc3361c7fac25b8297d2789d59d.jpg,,,,,,,,
Pardon My Fro Trench Coat - Lime Punch - Missy - XL,PMF5169,850036725169.0,99.00,99.00,variant,https://images.acenda-static.com/afrochick/product/original/5/57d46fb6ef2fc85df63b42fc7bfdb3c7.jpg, https://images.acenda-static.com/afrochick/product/original/6/6d403b34191e6d731f76d132654fd4fa.jpg,,,,,,,,
Pardon My Fro Trench Coat - Harlem Red - Missy - XL,PMF5183,850036725183.0,99.00,99.00,variant,https://images.acenda-static.com/afrochick/product/original/1/c35ff6cc4262fb20416aee095fa34f02.jpg, https://images.acenda-static.com/afrochick/product/original/1/cf4dd6bb663ca595c82291e52bb27abb.jpg,,,,,,,,
Pardon My Fro Trench Coat - Sherbert Blue- Missy - XL,PMF5176,850036725176.0,99.00,99.00,variant,https://images.acenda-static.com/afrochick/product/original/2/258470cdf1a9323928b1413ce0f9b1ca.jpg, https://images.acenda-static.com/afrochick/product/original/4/46817dc3361c7fac25b8297d2789d59d.jpg,,,,,,,,
Pardon My Fro Trench Coat - Lime Punch - Plus - 1XL,PMF5305,850036725305.0,99.00,99.00,variant,https://images.acenda-static.com/afrochick/product/original/5/57d46fb6ef2fc85df63b42fc7bfdb3c7.jpg, https://images.acenda-static.com/afrochick/product/original/6/6d403b34191e6d731f76d132654fd4fa.jpg,,,,,,,,
Pardon My Fro Trench Coat - Harlem Red - Plus - 1XL,PMF5329,850036725329.0,99.00,99.00,variant,https://images.acenda-static.com/afrochick/product/original/1/c35ff6cc4262fb20416aee095fa34f02.jpg, https://images.acenda-static.com/afrochick/product/original/1/cf4dd6bb663ca595c82291e52bb27abb.jpg,,,,,,,,
Pardon My Fro Trench Coat - Sherbert Blue - Plus - 1XL,PMF5312,850036725312.0,99.00,99.00,variant,https://images.acenda-static.com/afrochick/product/original/2/258470cdf1a9323928b1413ce0f9b1ca.jpg, https://images.acenda-static.com/afrochick/product/original/4/46817dc3361c7fac25b8297d2789d59d.jpg,,,,,,,,
Pardon My Fro Trench Coat - Lime Punch - Plus - 2XL,PMF5336,850036725336.0,99.00,99.00,variant,https://images.acenda-static.com/afrochick/product/original/5/57d46fb6ef2fc85df63b42fc7bfdb3c7.jpg, https://images.acenda-static.com/afrochick/product/original/6/6d403b34191e6d731f76d132654fd4fa.jpg,,,,,,,,
Pardon My Fro Trench Coat - Harlem Red - Plus - 2XL,PMF5350,850036725350.0,99.00,99.00,variant,https://images.acenda-static.com/afrochick/product/original/1/c35ff6cc4262fb20416aee095fa34f02.jpg, https://images.acenda-static.com/afrochick/product/original/1/cf4dd6bb663ca595c82291e52bb27abb.jpg,,,,,,,,
Pardon My Fro Trench Coat - Sherbert Blue - Plus - 2XL,PMF5343,850036725343.0,99.00,99.00,variant,https://images.acenda-static.com/afrochick/product/original/2/258470cdf1a9323928b1413ce0f9b1ca.jpg, https://images.acenda-static.com/afrochick/product/original/4/46817dc3361c7fac25b8297d2789d59d.jpg,,,,,,,,
Pardon My Fro Trench Coat - Lime Punch - Plus - 3XL,PMF5367,850036725367.0,99.00,99.00,variant,,,,,,,,,,
Pardon My Fro Trench Coat - Harlem Red - Plus - 3XL,PMF5398,850036725398.0,99.00,99.00,variant,https://images.acenda-static.com/afrochick/product/original/1/c35ff6cc4262fb20416aee095fa34f02.jpg, https://images.acenda-static.com/afrochick/product/original/1/cf4dd6bb663ca595c82291e52bb27abb.jpg,,,,,,,,
Pardon My Fro Trench Coat - Sherbert Blue - Plus - 3XL,PMF5374,850036725374.0,99.00,99.00,variant,https://images.acenda-static.com/afrochick/product/original/2/258470cdf1a9323928b1413ce0f9b1ca.jpg, https://images.acenda-static.com/afrochick/product/original/4/46817dc3361c7fac25b8297d2789d59d.jpg,,,,,,,,
Pardon My Fro | Oliver Blue Grommet Shower Curtain,AFB1027,,,,variant,,,,,,,,,,
"Pardon My Fro | Oliver White Grommet Shower Curtain, White",AFB1041,,,,variant,,,,,,,,,,
