sku,group_skus.0
222447,variant-276
222448,variant-276
222445,variant-276
222446,variant-276
221791,variant-276
225218,variant-281
223706,variant-281
223707,variant-281
222123,variant-281
222126,variant-281
222124,variant-281
222125,variant-281
223709,variant-286
223710,variant-286
223708,variant-286
223083,variant-296
223084,variant-296
223460,variant-296
223461,variant-296
216849,variant-301
213078,variant-301
221658,variant-306
221689,variant-306
221691,variant-306
223298,variant-321
223299,variant-321
222429,variant-326
222430,variant-326
219267,variant-326
222432,variant-341
219296,variant-341
222431,variant-341
210773,variant-346
221914,variant-346
212469,variant-346
210771,variant-346
221904,variant-346
221905,variant-346
221906,variant-346
221913,variant-346
220271,variant-346
210772,variant-346
220270,variant-346
221910,variant-346
217018,variant-346
212468,variant-346
212473,variant-346
221911,variant-346
217756,variant-346
221912,variant-346
217019,variant-346
213130,variant-346
220272,variant-346
222971,variant-351
222972,variant-351
222974,variant-351
222975,variant-351
223744,variant-356
223743,variant-356
223739,variant-356
223738,variant-356
225072,variant-356
222943,variant-356
222942,variant-356
223975,variant-361
223976,variant-361
223977,variant-361
223135,variant-376
223134,variant-376
223137,variant-376
223136,variant-376
221774,variant-421
221772,variant-421
221773,variant-421
221775,variant-421
212793,variant-426
216693,variant-426
216695,variant-426
221591,variant-426
216696,variant-426
221185,variant-426
216694,variant-426
217059,variant-426
221592,variant-426
217058,variant-426
216697,variant-426
221590,variant-426
214827,variant-426
221593,variant-426
214826,variant-426
221184,variant-426
221783,variant-429
221784,variant-429
221934,variant-434
221935,variant-434
221975,variant-439
219271,variant-439
219272,variant-439
225837,variant-444
225838,variant-444
223471,variant-449
221177,variant-449
221158,variant-469
221159,variant-469
217521,variant-469
221157,variant-469
217522,variant-469
214677,variant-469
221160,variant-469
214679,variant-469
214678,variant-469
214676,variant-469
221956,variant-489
221957,variant-489
220499,variant-499
220498,variant-499
215287,variant-499
215288,variant-499
221973,variant-514
221972,variant-514
221966,variant-514
221974,variant-514
221965,variant-514
219285,variant-519
222452,variant-519
222453,variant-519
219322,variant-519
224903,variant-549
224902,variant-549
224905,variant-554
224904,variant-554
210046,variant-559
210045,variant-559
214976,variant-574
214979,variant-574
221479,variant-721
221480,variant-721
221175,variant-726
221176,variant-726
221173,variant-726
221174,variant-726
214565,variant-726
220463,variant-746
220464,variant-746
220462,variant-746
220142,variant-751
214799,variant-751
214800,variant-751
215808,variant-761
224164,variant-761
227586,variant-771
222427,variant-771
227587,variant-771
227585,variant-771
221547,variant-771
221548,variant-771
221566,variant-771
222428,variant-771
222009,variant-771
222010,variant-771
217119,variant-771
217120,variant-771
221950,variant-776
221937,variant-776
221936,variant-776
222909,variant-781
222908,variant-781
221977,variant-786
221978,variant-786
221976,variant-786
226999,variant-796
215863,variant-796
215811,variant-801
222346,variant-801
218486,variant-816
219741,variant-816
215654,variant-816
219743,variant-821
219744,variant-821
219742,variant-821
219960,variant-841
219959,variant-841
219947,variant-841
219957,variant-841
219952,variant-841
219951,variant-841
219958,variant-841
219950,variant-841
219956,variant-841
219953,variant-841
219955,variant-841
219954,variant-841
217211,variant-846
213961,variant-846
213958,variant-846
213960,variant-846
212375,variant-846
214492,variant-846
213957,variant-846
213956,variant-846
213959,variant-846
214491,variant-846
213954,variant-846
213962,variant-846
211073,variant-846
212373,variant-846
213955,variant-846
217214,variant-846
211070,variant-846
217215,variant-846
217212,variant-846
211071,variant-846
217213,variant-846
211072,variant-846
212374,variant-846
221155,variant-851
221154,variant-851
221156,variant-851
221153,variant-851
216956,variant-851
217028,variant-851
216955,variant-851
219946,variant-856
219940,variant-856
214605,variant-856
214604,variant-856
214610,variant-856
214612,variant-856
214607,variant-856
219939,variant-856
219942,variant-856
214606,variant-856
219941,variant-856
214609,variant-856
224512,variant-871
224511,variant-871
224916,variant-881
224915,variant-881
223523,variant-886
223524,variant-886
213952,variant-891
213951,variant-891
213953,variant-891
224983,variant-896
224984,variant-896
219332,variant-901
219331,variant-901
222276,variant-911
218321,variant-911
224167,variant-911
224168,variant-911
222277,variant-911
224725,variant-916
224724,variant-916
219213,variant-921
219212,variant-921
224909,variant-926
224910,variant-926
216928,variant-931
214094,variant-931
214147,variant-936
214148,variant-936
214146,variant-936
214149,variant-936
212090,variant-936
219320,variant-951
222255,variant-951
221190,variant-956
221189,variant-956
221188,variant-956
224908,variant-961
224907,variant-961
222542,variant-966
222541,variant-966
222540,variant-966
221652,variant-981
224358,variant-981
224355,variant-981
221653,variant-981
224348,variant-986
221542,variant-986
224347,variant-986
221650,variant-986
221649,variant-986
221541,variant-986
221539,variant-986
221651,variant-986
217240,variant-986
224930,variant-991
224931,variant-991
221955,variant-996
221951,variant-996
221953,variant-996
221952,variant-996
221954,variant-996
217253,variant-996
217254,variant-996
227729,variant-1001
224932,variant-1001
224933,variant-1001
221924,variant-1016
221922,variant-1016
221923,variant-1016
221925,variant-1016
221921,variant-1016
217245,variant-1016
217244,variant-1016
217248,variant-1016
217243,variant-1016
221282,variant-1021
221283,variant-1021
221281,variant-1021
223472,variant-1026
223474,variant-1026
223473,variant-1026
217229,variant-1031
222082,variant-1031
209310,variant-1031
222083,variant-1031
209256,variant-1031
217227,variant-1031
220594,variant-1031
217231,variant-1031
221148,variant-1051
221147,variant-1051
214563,variant-1056
216842,variant-1056
216843,variant-1056
216841,variant-1056
220500,variant-1066
220501,variant-1066
215294,variant-1066
212006,variant-1066
222015,variant-1076
221567,variant-1076
222016,variant-1076
211749,variant-1086
211748,variant-1086
221940,variant-1096
221939,variant-1096
219244,variant-1096
217249,variant-1101
221958,variant-1101
217251,variant-1101
217250,variant-1101
224607,variant-1136
224466,variant-1136
219323,variant-1151
219324,variant-1151
224937,variant-1161
224938,variant-1161
219264,variant-1176
219265,variant-1176
221943,variant-1186
219266,variant-1186
221945,variant-1186
221944,variant-1186
221946,variant-1191
221947,variant-1191
224434,variant-1196
214558,variant-1196
224279,variant-1206
221194,variant-1206
221193,variant-1206
224277,variant-1211
214595,variant-1211
222921,variant-1216
222922,variant-1216
217011,variant-1216
222250,variant-1226
221942,variant-1226
219879,variant-1226
227596,variant-1241
221949,variant-1241
219268,variant-1241
222077,variant-1241
222076,variant-1241
221948,variant-1241
219579,variant-1266
219580,variant-1266
215668,variant-1266
220828,variant-1276
220827,variant-1276
223476,variant-1276
223477,variant-1276
221257,variant-1281
221835,variant-1281
221256,variant-1281
212826,variant-1281
220820,variant-1281
220822,variant-1281
220817,variant-1281
220815,variant-1281
220816,variant-1281
220823,variant-1281
220819,variant-1281
222075,variant-1281
220818,variant-1281
220821,variant-1281
219302,variant-1296
219301,variant-1296
224939,variant-1306
224940,variant-1306
224929,variant-1321
224928,variant-1321
224732,variant-1326
224731,variant-1326
214980,variant-1331
211931,variant-1331
221201,variant-1336
221200,variant-1336
221202,variant-1341
221204,variant-1341
221203,variant-1341
219747,variant-1349
219745,variant-1349
219746,variant-1349
215164,variant-1354
215653,variant-1354
224982,variant-1364
224981,variant-1364
218795,variant-1384
221802,variant-1384
221801,variant-1384
218793,variant-1384
218794,variant-1384
211383,variant-1394
209305,variant-1394
223462,variant-1424
223463,variant-1424
214497,variant-1444
214215,variant-1444
212228,variant-1469
214973,variant-1469
212751,variant-1474
216907,variant-1474
212484,variant-1474
222906,variant-1494
222907,variant-1494
221788,variant-1499
221789,variant-1499
221787,variant-1499
221786,variant-1499
222349,variant-1509
222348,variant-1509
222901,variant-1514
222900,variant-1514
221692,variant-1519
221693,variant-1519
214429,variant-1524
218526,variant-1524
218527,variant-1524
218523,variant-1529
218524,variant-1529
218525,variant-1529
217686,variant-1539
217687,variant-1539
217688,variant-1539
217689,variant-1539
217016,variant-1544
219553,variant-1544
219554,variant-1544
210705,variant-1544
210932,variant-1544
212471,variant-1544
209044,variant-1549
210743,variant-1549
213757,variant-1549
221638,variant-1549
221178,variant-1559
221179,variant-1559
221180,variant-1559
221181,variant-1564
221182,variant-1564
221183,variant-1564
216069,variant-1579
209049,variant-1579
210744,variant-1579
213756,variant-1579
211698,variant-1584
213752,variant-1584
221573,variant-1599
221574,variant-1599
221575,variant-1599
219237,variant-1639
219238,variant-1639
215130,variant-1649
215132,variant-1649
221959,variant-1654
221960,variant-1654
221961,variant-1654
220264,variant-1659
217017,variant-1659
221902,variant-1659
221901,variant-1659
220266,variant-1659
219564,variant-1659
219563,variant-1659
218553,variant-1659
212269,variant-1659
220265,variant-1659
212268,variant-1659
212267,variant-1659
221918,variant-1659
221917,variant-1659
221916,variant-1659
221915,variant-1659
221903,variant-1659
217676,variant-1664
216104,variant-1664
216105,variant-1664
219565,variant-1664
219566,variant-1664
216106,variant-1664
218557,variant-1664
220267,variant-1664
220268,variant-1664
220269,variant-1664
221920,variant-1669
221907,variant-1669
221919,variant-1669
217679,variant-1669
221908,variant-1669
221909,variant-1669
217674,variant-1674
217749,variant-1674
219555,variant-1679
219556,variant-1679
219557,variant-1679
219558,variant-1679
219559,variant-1679
217681,variant-1684
217683,variant-1684
217685,variant-1684
217754,variant-1684
224740,variant-1684
217680,variant-1684
217684,variant-1684
217682,variant-1684
217752,variant-1684
217755,variant-1684
224276,variant-1684
217753,variant-1684
220273,variant-1684
220274,variant-1684
219560,variant-1689
219562,variant-1689
220829,variant-1699
220830,variant-1699
220831,variant-1699
221969,variant-1704
219276,variant-1704
213059,variant-1704
221970,variant-1704
221971,variant-1704
219277,variant-1704
214399,variant-1709
214400,variant-1709
221150,variant-1714
213139,variant-1714
224299,variant-1724
224300,variant-1724
224298,variant-1729
219293,variant-1729
221580,variant-1729
219291,variant-1729
219292,variant-1729
219261,variant-1739
219262,variant-1739
224427,variant-1749
224428,variant-1749
224429,variant-1754
224430,variant-1754
219210,variant-1774
219211,variant-1774
223466,variant-1774
222278,variant-1789
211937,variant-1789
213969,variant-1789
222272,variant-1789
222273,variant-1789
211936,variant-1789
223070,variant-1797
223071,variant-1797
221550,variant-1817
221549,variant-1817
212792,variant-1817
212791,variant-1817
217052,variant-1817
217051,variant-1817
221599,variant-1821
217787,variant-1821
221598,variant-1821
217788,variant-1821
221602,variant-1821
221600,variant-1821
221594,variant-1825
217784,variant-1825
217786,variant-1825
217785,variant-1825
221595,variant-1825
217783,variant-1825
222092,variant-1833
222097,variant-1833
223470,variant-1837
215155,variant-1837
220907,variant-1841
214462,variant-1841
217032,variant-1841
221492,variant-1849
221493,variant-1849
220583,variant-1877
220584,variant-1877
222256,variant-1885
222258,variant-1885
222257,variant-1885
219281,variant-1897
219280,variant-1897
225871,variant-1901
219284,variant-1901
220585,variant-1905
220586,variant-1905
212836,variant-1913
220495,variant-1913
220588,variant-1917
220587,variant-1917
225872,variant-1921
218174,variant-1921
222074,variant-1925
222073,variant-1925
215180,variant-1929
215181,variant-1929
222078,variant-1929
222079,variant-1929
220590,variant-1933
220589,variant-1933
215667,variant-1937
215666,variant-1937
217145,variant-1941
220496,variant-1941
220497,variant-1941
220592,variant-1945
220591,variant-1945
226112,variant-1953
226111,variant-1953
224521,variant-1965
225632,variant-1965
226092,variant-1973
226093,variant-1973
225824,variant-1993
225823,variant-1993
227005,variant-2001
227006,variant-2001
226097,variant-2009
226098,variant-2009
226099,variant-2013
226100,variant-2013
224911,variant-2017
224912,variant-2017
225681,variant-2021
225680,variant-2021
224985,variant-2025
224986,variant-2025
225863,variant-2029
225864,variant-2029
225904,variant-2033
225903,variant-2033
225816,variant-2041
225815,variant-2041
223688,variant-2045
223689,variant-2045
225828,variant-2049
225829,variant-2049
224522,variant-2061
225633,variant-2061
226324,variant-2065
226325,variant-2065
225832,variant-2069
225831,variant-2069
226094,variant-2077
226095,variant-2077
225834,variant-2081
225833,variant-2081
225836,variant-2081
225835,variant-2081
212606,variant-2089
217010,variant-2089
212607,variant-2089
224323,variant-2097
219209,variant-2097
224165,variant-2109
214796,variant-2109
224166,variant-2109
212312,variant-2113
212311,variant-2113
224015,variant-2113
213637,variant-2113
212317,variant-2113
212302,variant-2113
213631,variant-2121
213618,variant-2121
224467,variant-2141
224468,variant-2141
223302,variant-2145
223301,variant-2145
222947,variant-2157
222946,variant-2157
219653,variant-2169
219654,variant-2169
216924,variant-2177
216702,variant-2177
224175,variant-2181
224176,variant-2181
223526,variant-2185
223525,variant-2185
224513,variant-2197
224514,variant-2197
222261,variant-2201
222262,variant-2201
222832,variant-2221
222831,variant-2221
223163,variant-2229
223162,variant-2229
223165,variant-2245
223166,variant-2245
223583,variant-2257
223585,variant-2257
223584,variant-2257
223586,variant-2261
223587,variant-2261
223158,variant-2277
223157,variant-2277
224302,variant-2297
224305,variant-2297
209259,variant-2301
209260,variant-2301
211437,variant-2301
212041,variant-2305
212042,variant-2305
210291,variant-2309
210292,variant-2309
218498,variant-2309
218497,variant-2309
210022,variant-2313
210912,variant-2313
211818,variant-2325
212877,variant-2325
221582,variant-2329
221581,variant-2329
221930,variant-2333
221931,variant-2333
221928,variant-2337
221927,variant-2337
221929,variant-2337
221926,variant-2337
222621,variant-2345
222622,variant-2345
223494,variant-2349
223495,variant-2349
223496,variant-2349
223497,variant-2349
223493,variant-2349
223499,variant-2353
223498,variant-2353
223309,variant-2357
223307,variant-2357
223308,variant-2357
222625,variant-2369
222636,variant-2369
224189,variant-2377
222543,variant-2377
224190,variant-2377
224192,variant-2381
224191,variant-2381
224193,variant-2381
224201,variant-2385
224199,variant-2385
224200,variant-2385
224198,variant-2385
222517,variant-2425
222518,variant-2425
222514,variant-2429
222516,variant-2429
222515,variant-2429
222435,variant-2433
222434,variant-2433
223508,variant-2441
223507,variant-2441
222442,variant-2449
222441,variant-2449
222443,variant-2449
222444,variant-2449
222436,variant-2453
222437,variant-2453
222439,variant-2453
222438,variant-2453
222440,variant-2453
222819,variant-2465
222818,variant-2465
222817,variant-2465
222816,variant-2465
223487,variant-2481
223488,variant-2481
222171,variant-2493
222170,variant-2493
222173,variant-2497
222172,variant-2497
222267,variant-2509
222266,variant-2509
222110,variant-2513
222111,variant-2513
222112,variant-2517
222113,variant-2517
222108,variant-2521
222107,variant-2521
222106,variant-2525
222105,variant-2525
225647,variant-2529
225646,variant-2529
225682,variant-2533
225683,variant-2533
222911,variant-2545
222086,variant-2545
222085,variant-2549
222084,variant-2549
222912,variant-2553
222087,variant-2553
222934,variant-2557
222935,variant-2557
222936,variant-2561
222938,variant-2561
223667,variant-2565
223668,variant-2565
223664,variant-2565
223669,variant-2565
223665,variant-2565
223666,variant-2565
223530,variant-2577
223528,variant-2577
223730,variant-2577
223532,variant-2577
223121,variant-2581
223122,variant-2581
223289,variant-2597
223288,variant-2597
221695,variant-2601
221696,variant-2601
220919,variant-2613
220918,variant-2613
224701,variant-2621
224702,variant-2621
223520,variant-2625
223519,variant-2625
223511,variant-2637
223512,variant-2637
223510,variant-2637
223968,variant-2649
223969,variant-2649
223967,variant-2649
223966,variant-2649
223971,variant-2649
223965,variant-2649
223970,variant-2649
224208,variant-2653
224210,variant-2653
224209,variant-2653
224207,variant-2653
223998,variant-2657
224000,variant-2657
223999,variant-2657
223959,variant-2661
223957,variant-2661
223960,variant-2661
223958,variant-2661
223961,variant-2661
224213,variant-2665
224212,variant-2665
224214,variant-2665
223985,variant-2669
223991,variant-2669
223988,variant-2669
223986,variant-2669
223989,variant-2669
223982,variant-2669
223987,variant-2669
223983,variant-2669
223984,variant-2669
223992,variant-2669
223990,variant-2669
211186,variant-2681
218320,variant-2681
209047,variant-2681
211187,variant-2681
218813,variant-2685
218812,variant-2685
218802,variant-2693
218801,variant-2693
221502,variant-2697
218809,variant-2697
225818,variant-2701
225817,variant-2701
212883,variant-2709
212881,variant-2709
212884,variant-2709
217789,variant-2725
217790,variant-2725
223711,variant-2733
223712,variant-2733
223106,variant-2737
223105,variant-2737
222570,variant-2741
222569,variant-2741
221790,variant-2745
221792,variant-2745
222100,variant-2745
222102,variant-2745
222101,variant-2745
222929,variant-2749
222930,variant-2749
222927,variant-2749
222928,variant-2749
222571,variant-2753
222572,variant-2753
222575,variant-2769
222576,variant-2769
223115,variant-2773
223114,variant-2773
222350,variant-2781
222351,variant-2781
223490,variant-2801
223492,variant-2801
223491,variant-2801
223501,variant-2805
223500,variant-2805
223505,variant-2813
223502,variant-2813
223503,variant-2813
223504,variant-2813
223521,variant-2821
223522,variant-2821
222826,variant-2825
222828,variant-2825
222827,variant-2825
223656,variant-2829
223657,variant-2829
223659,variant-2829
223658,variant-2829
223660,variant-2829
223655,variant-2829
222600,variant-2833
222599,variant-2833
222601,variant-2841
222602,variant-2841
222914,variant-2857
222915,variant-2857
224470,variant-2861
224469,variant-2861
222354,variant-2865
222355,variant-2865
223098,variant-2869
223097,variant-2869
222038,variant-2869
220897,variant-2869
220928,variant-2885
220927,variant-2885
222820,variant-2905
222821,variant-2905
222822,variant-2905
222823,variant-2905
224714,variant-2917
224716,variant-2917
224713,variant-2917
224718,variant-2917
224715,variant-2917
224717,variant-2917
223661,variant-2925
223662,variant-2925
223663,variant-2925
223514,variant-2929
223513,variant-2929
224194,variant-2937
222545,variant-2937
222916,variant-2937
222546,variant-2937
224183,variant-2937
222917,variant-2937
222547,variant-2937
224178,variant-2945
224179,variant-2945
224177,variant-2945
224280,variant-2949
221699,variant-2949
224181,variant-2957
224180,variant-2957
224182,variant-2957
222534,variant-2961
222535,variant-2961
222536,variant-2961
222538,variant-2969
222539,variant-2969
222127,variant-2981
222128,variant-2981
222130,variant-3001
222129,variant-3001
224451,variant-3005
224450,variant-3005
222080,variant-3017
212835,variant-3017
225702,variant-3025
218324,variant-3025
218323,variant-3025
218112,variant-3025
218111,variant-3025
218326,variant-3029
222270,variant-3029
222269,variant-3029
221170,variant-3033
221172,variant-3033
221171,variant-3033
221584,variant-3053
221585,variant-3053
222081,variant-3057
219158,variant-3057
220934,variant-3069
220933,variant-3069
213523,variant-3085
211280,variant-3085
211281,variant-3093
212295,variant-3093
222292,variant-3121
222293,variant-3121
222294,variant-3125
222301,variant-3125
225586,variant-3133
225588,variant-3133
216367,variant-3141
216366,variant-3141
224384,variant-3161
224385,variant-3161
223996,variant-3165
223995,variant-3165
223030,variant-3197
223031,variant-3197
223028,variant-3201
223029,variant-3201
223034,variant-3205
223035,variant-3205
223036,variant-3209
223037,variant-3209
223032,variant-3213
223033,variant-3213
222963,variant-3257
223951,variant-3257
225579,variant-3321
225578,variant-3321
224415,variant-3329
224416,variant-3329
224808,variant-3333
224806,variant-3333
224811,variant-3333
222940,variant-3337
222941,variant-3337
222597,variant-3345
222749,variant-3345
223964,variant-3365
223962,variant-3365
225077,variant-3365
223956,variant-3365
224401,variant-3409
224402,variant-3409
222654,variant-3433
222655,variant-3433
222656,variant-3437
222657,variant-3437
222324,variant-3453
222323,variant-3453
224388,variant-3489
224389,variant-3489
225501,variant-3493
225503,variant-3493
223161,variant-3501
223160,variant-3501
223150,variant-3541
223149,variant-3541
223152,variant-3545
223151,variant-3545
223545,variant-3585
223547,variant-3585
223546,variant-3585
223605,variant-3609
223604,variant-3609
223548,variant-3641
223559,variant-3641
223170,variant-3745
223169,variant-3745
223167,variant-3745
223129,variant-3761
223131,variant-3761
218481,variant-3789
218389,variant-3789
220421,variant-3949
220423,variant-3949
220422,variant-3949
221091,variant-4005
221092,variant-4005
221093,variant-4005
221768,variant-4009
221769,variant-4009
221770,variant-4009
226052,variant-4009
222263,variant-4017
222264,variant-4017
222450,variant-4021
223464,variant-4021
222451,variant-4021
220109,variant-4059
220110,variant-4059
220111,variant-4064
220112,variant-4064
222413,variant-4134
222414,variant-4134
222804,variant-4164
222805,variant-4164
222944,variant-4169
222945,variant-4169
223741,variant-4169
223742,variant-4169
222965,variant-4174
223764,variant-4174
223763,variant-4174
225078,variant-4174
222966,variant-4174
222977,variant-4179
222978,variant-4179
222980,variant-4179
222981,variant-4179
222983,variant-4184
222984,variant-4184
222985,variant-4184
222986,variant-4184
222987,variant-4184
222988,variant-4184
223180,variant-4189
223181,variant-4189
223183,variant-4189
223372,variant-4194
223925,variant-4194
223373,variant-4194
223926,variant-4194
223375,variant-4199
223376,variant-4199
223590,variant-4204
223592,variant-4204
225073,variant-4204
223593,variant-4204
223918,variant-4204
223610,variant-4214
223611,variant-4214
223728,variant-4229
223734,variant-4229
223735,variant-4234
223736,variant-4234
223737,variant-4234
223761,variant-4239
223762,variant-4239
223831,variant-4254
223832,variant-4254
223833,variant-4259
223834,variant-4259
223848,variant-4279
223874,variant-4279
223849,variant-4284
223873,variant-4284
223920,variant-4289
223921,variant-4289
223935,variant-4299
223936,variant-4299
224045,variant-4304
224046,variant-4304
224047,variant-4304
224050,variant-4309
224051,variant-4309
224053,variant-4314
224054,variant-4314
224282,variant-4319
224285,variant-4319
224287,variant-4319
224288,variant-4319
224472,variant-4324
224473,variant-4324
224474,variant-4324
224475,variant-4329
224476,variant-4329
224477,variant-4329
224478,variant-4334
224479,variant-4334
224480,variant-4339
224481,variant-4339
224482,variant-4339
224494,variant-4344
224495,variant-4344
224496,variant-4349
224497,variant-4349
224503,variant-4359
224504,variant-4359
224523,variant-4364
224524,variant-4364
224525,variant-4369
224526,variant-4369
224527,variant-4374
224528,variant-4374
224549,variant-4379
224550,variant-4379
224861,variant-4404
224862,variant-4404
224863,variant-4409
224864,variant-4409
224868,variant-4419
224869,variant-4419
225093,variant-4469
225094,variant-4469
225294,variant-4541
225298,variant-4541
223636,variant-4566
223637,variant-4566
223638,variant-4566
224061,variant-4611
224063,variant-4611
224537,variant-4631
224538,variant-4631
225091,variant-4681
225092,variant-4681
220000,variant-4881
220001,variant-4881
222768,variant-5024
222770,variant-5024
223010,variant-5034
223011,variant-5034
223012,variant-5034
223013,variant-5039
223014,variant-5039
223015,variant-5039
223016,variant-5044
223017,variant-5044
223018,variant-5049
223019,variant-5049
223023,variant-5054
223024,variant-5054
223116,variant-5064
223117,variant-5064
223124,variant-5069
223125,variant-5069
223176,variant-5094
223177,variant-5094
223178,variant-5099
223179,variant-5099
223859,variant-5199
225104,variant-5199
223860,variant-5204
225103,variant-5204
223861,variant-5209
225102,variant-5209
223862,variant-5214
225101,variant-5214
223863,variant-5219
223864,variant-5219
224057,variant-5264
224059,variant-5264
224060,variant-5264
224315,variant-5299
224317,variant-5299
224483,variant-5304
224484,variant-5304
224485,variant-5304
224487,variant-5309
224491,variant-5309
224488,variant-5309
224489,variant-5309
224490,variant-5309
224492,variant-5314
224493,variant-5314
224541,variant-5324
224544,variant-5324
224542,variant-5324
224543,variant-5324
224555,variant-5339
224556,variant-5339
224557,variant-5344
224558,variant-5344
224559,variant-5349
224560,variant-5349
224561,variant-5354
224562,variant-5354
224563,variant-5359
224564,variant-5359
224565,variant-5364
224566,variant-5364
224567,variant-5364
224568,variant-5364
224575,variant-5389
224576,variant-5389
224577,variant-5394
224578,variant-5394
224579,variant-5399
224580,variant-5399
224581,variant-5404
224582,variant-5404
224584,variant-5409
224585,variant-5409
224859,variant-5434
224860,variant-5434
224866,variant-5439
224867,variant-5439
225099,variant-5454
225100,variant-5454
225122,variant-5484
225123,variant-5484
225124,variant-5489
225125,variant-5489
218378,variant-5601
218457,variant-5601
218431,variant-5611
218444,variant-5611
219532,variant-5726
219537,variant-5726
219983,variant-5766
219984,variant-5766
220360,variant-5806
220362,variant-5806
222319,variant-5891
222320,variant-5891
222387,variant-5916
222388,variant-5916
222591,variant-5976
222592,variant-5976
222665,variant-5991
222666,variant-5991
222735,variant-6001
222736,variant-6001
222737,variant-6001
222750,variant-6019
222962,variant-6019
223606,variant-6019
222758,variant-6024
222759,variant-6024
222847,variant-6064
222853,variant-6064
223140,variant-6104
223141,variant-6104
223142,variant-6109
223143,variant-6109
223144,variant-6114
223145,variant-6114
223361,variant-6119
223362,variant-6119
223363,variant-6124
223364,variant-6124
223366,variant-6134
223367,variant-6134
223597,variant-6139
223598,variant-6139
223718,variant-6149
223719,variant-6149
223722,variant-6159
223723,variant-6159
223745,variant-6164
223746,variant-6164
223750,variant-6174
224600,variant-6174
223752,variant-6179
223753,variant-6179
223841,variant-6214
223842,variant-6214
223843,variant-6214
223844,variant-6214
223943,variant-6239
223947,variant-6239
223944,variant-6239
223945,variant-6239
223946,variant-6239
223948,variant-6239
223972,variant-6244
223974,variant-6244
223973,variant-6244
224064,variant-6254
224065,variant-6254
224066,variant-6259
224067,variant-6259
224306,variant-6294
224309,variant-6294
224500,variant-6344
224501,variant-6344
224530,variant-6359
224531,variant-6359
224532,variant-6359
224533,variant-6364
224534,variant-6364
224547,variant-6384
224548,variant-6384
224827,variant-6409
224828,variant-6409
224871,variant-6429
224872,variant-6429
224873,variant-6429
224874,variant-6434
224875,variant-6434
224881,variant-6449
224882,variant-6449
224883,variant-6454
224884,variant-6454
225119,variant-6479
225120,variant-6479
225338,variant-6494
225339,variant-6494
225335,variant-6509
225336,variant-6509
225700,variant-6529
226379,variant-6529
225844,variant-6539
225845,variant-6539
227173,variant-6564
227174,variant-6564
227175,variant-6569
227176,variant-6569
224913,variant-6584
224914,variant-6584
215088,variant-6614
215089,variant-6614
210575,variant-6634
210576,variant-6634
210577,variant-6634
213568,variant-6634
213570,variant-6634
213571,variant-6634
225858,variant-6659
225859,variant-6659
225332,variant-6669
225333,variant-6669
225334,variant-6669
227263,variant-6689
227264,variant-6689
227561,variant-6694
227560,variant-6694
226382,variant-6724
226381,variant-6724
226992,variant-6745
226991,variant-6745
226990,variant-6745
227278,variant-6750
227277,variant-6750
227318,variant-6760
227319,variant-6760
227734,variant-6765
227736,variant-6765
227735,variant-6765
227733,variant-6765
227896,variant-6770
227897,variant-6770
227305,variant-6785
227304,variant-6785
227308,variant-6795
227306,variant-6795
227322,variant-6810
227324,variant-6810
227273,variant-6815
227274,variant-6815
227276,variant-6820
227275,variant-6820
226995,variant-6845
226996,variant-6845
226925,variant-6855
226924,variant-6855
227004,variant-6900
227251,variant-6900
227531,variant-6905
227532,variant-6905
227530,variant-6910
227529,variant-6910
227900,variant-6915
227901,variant-6915
226988,variant-6920
226987,variant-6920
227597,variant-6925
227598,variant-6925
227899,variant-6935
227898,variant-6935
227563,variant-6940
227533,variant-6940
227904,variant-6961
227903,variant-6961
227906,variant-6981
227905,variant-6981
227907,variant-6981
227908,variant-6986
227910,variant-6986
227909,variant-6986
227843,variant-7005
227842,variant-7005
228050,variant-7010
228051,variant-7010
228630,variant-7020
228631,variant-7020
228608,variant-7025
228607,variant-7025
228088,variant-7030
228087,variant-7030
228624,variant-7040
228623,variant-7040
227829,variant-7070
227828,variant-7070
228263,variant-7075
228262,variant-7075
228260,variant-7130
228261,variant-7130
228619,variant-7145
228618,variant-7145
228772,variant-7155
228771,variant-7155
228770,variant-7155
228594,variant-7177
228595,variant-7177
228596,variant-7177
228076,variant-7217
228075,variant-7217
228649,variant-7227
228648,variant-7227
228093,variant-7230
228092,variant-7230
228041,variant-7235
228042,variant-7235
228620,variant-7240
228621,variant-7240
227249,variant-7255
227250,variant-7255
229094,variant-7260
229095,variant-7260
230476,variant-7280
228636,variant-7280
228637,variant-7285
228638,variant-7285
228757,variant-7290
228756,variant-7290
228043,variant-7295
228044,variant-7295
228599,variant-7305
228600,variant-7305
228761,variant-7310
228760,variant-7310
228605,variant-7330
228606,variant-7330
228604,variant-7330
228603,variant-7330
228258,variant-7335
228259,variant-7335
229789,variant-7365
229788,variant-7365
227857,variant-7395
227858,variant-7395
228686,variant-7400
229213,variant-7400
229494,variant-7405
229493,variant-7405
228689,variant-7415
228688,variant-7415
227889,variant-7430
227888,variant-7430
229247,variant-7435
229249,variant-7435
228698,variant-7460
228699,variant-7460
229602,variant-7475
229601,variant-7475
229941,variant-7480
229940,variant-7480
228746,variant-7485
228747,variant-7485
227588,variant-7495
227589,variant-7495
229097,variant-7505
227591,variant-7505
228762,variant-7515
228763,variant-7515
227730,variant-7520
227731,variant-7520
228645,variant-7530
228644,variant-7530
228077,variant-7540
228078,variant-7540
225860,variant-7545
225861,variant-7545
228745,variant-7550
228744,variant-7550
227860,variant-7560
227861,variant-7560
