sku,group_skus.0
06D400484D,variant-11
660D004798,variant-11
D470004799,variant-11
99C300479C,variant-11
7D5D00479D,variant-11
462A00494F,variant-11
27D7004792,variant-16
692D004793,variant-16
A50E004797,variant-16
96FB004795,variant-21
621A004796,variant-21
F1A300494E,variant-21
FF8900479A,variant-26
1AE5004901,variant-26
CD5F00494D,variant-26
D28900482A,variant-36
3ED2004CD0,variant-36
9FE7004CD1,variant-36
A3A8004DF0,variant-36
87B9004F03,variant-36
13ED004E8F,variant-36
6CD1004F0E,variant-36
0A94004F0F,variant-36
CFFF004F10,variant-36
657004937,variant-41
EB18004938,variant-41
AD5A00464A,variant-41
3012004A89,variant-51
0F32004A8A,variant-51
6436004A81,variant-56
D01A004A82,variant-56
7481004A83,variant-61
F970004A84,variant-61
9104004A8B,variant-66
B9FC004A8C,variant-66
B9FB004A8D,variant-66
77B4004A8E,variant-66
C07A004A85,variant-71
22F5004A86,variant-71
A18600446A,variant-74
048100446D,variant-74
BDC600446B,variant-74
587D004B12,variant-74
3A1E004C39,variant-79
1C8F004C3A,variant-79
5E50004C3B,variant-79
8692004C3C,variant-79
59E6004C42,variant-84
F8F3004C43,variant-84
B310004C44,variant-84
7AC3004C45,variant-84
53C9004B08,variant-89
08D5004B09,variant-89
8ED7004B0A,variant-89
23B6004B0B,variant-89
7F5A004D24,variant-94
1E26004B13,variant-94
717D004D1F,variant-94
F53E004B14,variant-94
HD-521112-FDC,variant-99
HD-521142-FDC,variant-99
HD-521172-FDC,variant-99
HD-521202-FDC,variant-99
HD-521232-FDC,variant-99
HD-521262-FDC,variant-99
HD-521292-FDC,variant-99
HD-521322-FDC,variant-99
FA79004A2A,variant-116
EBE9004A2B,variant-116
8C3B004A2D,variant-121
4868004A2E,variant-121
MS-NEC-BK,variant-134
MS-NEC-BG,variant-134
MS-NEC-GY,variant-134
MS-DBS-BK-H,variant-139
MS-DBS-BG-H,variant-139
MS-DBS-GY-H,variant-139
N1-LVS-BK,variant-144
N1-LVS-BL,variant-144
AF061202BK,variant-149
AF061202BN,variant-149
RN061202BN,variant-154
RN061202BG,variant-154
RN061202BK,variant-154
RN061204BN,variant-159
RN061204BG,variant-159
RN061204BK,variant-159
RN061203BN,variant-166
RN061203BG,variant-166
RN061203BK,variant-166
B328004A87,variant-169
95CE004A88,variant-169
MA034024TD-OL,variant-171
2E99004B95,variant-171
MA037230TD-OL,variant-171
MA036036TD-OL,variant-171
MA036028TD-OL,variant-171
MA035536TD-OL,variant-171
MA034836TD-OL,variant-171
MA034832TD-OL,variant-171
MA034828TD-OL,variant-171
MA034824TD-OL,variant-171
MA034032TD-OL,variant-171
MA034028TD-OL,variant-171
MA033636TD-OL,variant-171
MA033624TD-OL,variant-171
MA032432TD-OL,variant-171
MA032028TD-OL,variant-171
7A40004B96,variant-171
MA037236TD-OL,variant-171
MA022028TD-OL,variant-176
MA024832TD-OL,variant-176
MA027230TD-OL,variant-176
MA026040TD-OL,variant-176
MA026036TD-OL,variant-176
MA026028TD-OL,variant-176
MA025536TD-OL,variant-176
MA024836TD-OL,variant-176
MA024828TD-OL,variant-176
MA022432TD-OL,variant-176
MA024032TD-OL,variant-176
MA024028TD-OL,variant-176
MA024024TD-OL,variant-176
MA023636TD-OL,variant-176
MA023624TD-OL,variant-176
MA024824TD-OL,variant-176
MA027236TD-OL,variant-176
MA044028TD-OL,variant-181
MA042430TD-OL,variant-181
MA045536TD-OL,variant-181
MA044836TD-OL,variant-181
MA044832TD-OL,variant-181
MA044828TD-OL,variant-181
MA044824TD-OL,variant-181
MA044032TD-OL,variant-181
MA044024TD-OL,variant-181
MA046036TD-OL,variant-181
MA043636TD-OL,variant-181
MA043624TD-OL,variant-181
MA042432TD-OL,variant-181
MA042028TD-OL,variant-181
MA044830TD-OL,variant-181
MA047230TD-OL,variant-181
MA043030TD-OL,variant-181
MA046028TD-OL,variant-181
MA043630TD-OL,variant-181
MA047236TD-OL,variant-181
MA044230TD-OL,variant-181
MA04R28TD-OL,variant-186
MA04R40TD-OL,variant-186
MA06R24TD-OL,variant-191
MA06R28TD-OL,variant-191
MA06R32TD-OL,variant-191
MA06R40TD-OL,variant-191
MA05R28TD-OL,variant-196
MA05R40TD-OL,variant-196
1A82005038,variant-199
1023005039,variant-199
E0E000503B,variant-199
D4D100503C,variant-199
F9B600503D,variant-199
D7B400503E,variant-199
A18E00509D,variant-204
686400509E,variant-204
DEFC00509F,variant-204
C0B30050A0,variant-204
30DE005094,variant-209
8490005096,variant-209
CFE0005097,variant-209
F9CE005098,variant-209
C2B800503F,variant-214
D0FE005040,variant-214
E459005041,variant-214
DE3E005042,variant-214
03A5005043,variant-214
2DF6005044,variant-214
5BA10043D6,variant-219
6A260043D8,variant-219
3F19004A3D,variant-219
8F69004A3C,variant-219
7BC8004403,variant-219
8601004404,variant-219
B53900440D,variant-219
D89200440E,variant-219
E09B0043B4,variant-219
64B90043B3,variant-219
FAB400440B,variant-219
457F004660,variant-219
0423004661,variant-219
6D6900440C,variant-219
1C3C0043D7,variant-219
063E004435,variant-219
26A8004433,variant-219
1B36004A24,variant-219
272A004A3E,variant-219
D82D0043DA,variant-219
7125004419,variant-219
514C004663,variant-219
9115004662,variant-219
24F0004664,variant-219
E5E1004A39,variant-224
98080043B6,variant-224
C9260043A9,variant-224
F6AA0043AD,variant-224
707A00465F,variant-224
5E6C004400,variant-224
C42E0043B9,variant-224
011900465E,variant-224
93A20043AF,variant-224
ATHUS-RN-071000BN,variant-236
ATHUS-RN-071000BK,variant-236
ATHUS-RN-072000BN,variant-241
ATHUS-RN-072000BK,variant-241
AF042111BN,variant-244
AF042111BG,variant-244
11003WH,variant-246
11003WH/GR,variant-246
11003WH/LBL,variant-246
11003WH/PI,variant-246
20332GYW,variant-296
20332WH,variant-296
11069WH,variant-321
11069WH/PI,variant-321
11069WH/GR,variant-321
11069WH/LBL,variant-321
ATHUS-RN-055003CP,variant-324
ATHUS-RN-055003BN,variant-324
ATHUS-RN-055003ZG,variant-324
20333GYW,variant-354
20333BKW,variant-354
15116GYW/BK,variant-421
15116EX,variant-421
15093BW/BK,variant-433
15093AMSS,variant-433
12250GYW/BK,variant-441
12250R1WN/BK,variant-441
13191EX/BK,variant-445
13191APBK,variant-445
13191AMSS,variant-445
13192EX/BK,variant-449
13192GYW/BK,variant-449
FPBK0001A-RPMW00,variant-453
FPBK0003C-RPMM01,variant-453
FPBKUT01Z-RPE00,variant-465
FPBKUT01Z-RPS00,variant-465
FPBK0004-RPM01,variant-465
FPBKUQ02Z-RPM02,variant-473
FPBKUK02Z-RPM02,variant-473
FPBKUK02Z-RPM01,variant-473
FPTW0201Z-RPM01,variant-477
FPTW0201Z-RPM00,variant-477
FPTW0201Z-RPM04,variant-477
FPTW0301Z-RPPN00,variant-481
FPTW0301Z-RPEN00,variant-481
FPTW0301Z-RPJN00,variant-481
FPTW0301Z-RPSN00,variant-481
FB17020F-GL,variant-493
FB17020Q-GL,variant-493
11191DBR,variant-509
11191CWN,variant-509
11191GYW,variant-509
12077BE/WH,variant-537
12077LBL/WH,variant-537
12077WN/BR,variant-537
12077DC/BK,variant-537
12077DWN,variant-537
11208EX,variant-541
11208CWN,variant-541
11208GYW,variant-541
11181AM/BK,variant-553
11181CWN/BK,variant-553
11181BK/GY,variant-553
10024EX/BK,variant-557
10024PI/WH,variant-557
10024GYW/BK,variant-557
10024DC/BK,variant-557
FR16122GYW/BK,variant-561
FR16122EX,variant-561
15095BW/BK,variant-565
15095CWN/BK,variant-565
18025GYW/BK,variant-573
18025BK/GY,variant-573
99132BK/GY,variant-577
99132EX/BK,variant-577
21047LBLWH,variant-589
21047PIWH,variant-589
21047GRWH,variant-589
99557BK/GY,variant-597
99557BE/WH,variant-597
14151R1WH,variant-609
14151R1BKW,variant-609
14151R1CC,variant-609
21051GYW,variant-613
21051LBLWH,variant-613
21051GRWH,variant-613
99940EX/BR,variant-633
99940GYW/BK,variant-633
99940LC/IV,variant-633
SRUS002BK,variant-645
SRUS002GY,variant-645
SRUS002BU,variant-645
SRUS003BK,variant-649
SRUS003GY,variant-649
N1-LVS-RD,variant-657
N1-LVS-WH,variant-657
MV-ARC-CM,variant-661
MV-ARC-IM1,variant-661
MV-ARC-CA1,variant-661
1908RE-2436-BK,variant-669
1908RE-2028-BK,variant-669
1908RE-2638-BK,variant-669
1908RE-2436-GD,variant-669
1908RE-2028-GD,variant-669
1908RE-2638-GD,variant-669
001ZJ-2436-BK,variant-673
001ZJ-2028-BK,variant-673
001ZJ-2638-BK,variant-673
001ZJ-2436-GD,variant-673
001ZJ-2638-GD,variant-673
003GXZJ-1858-BK,variant-677
003GXZJ-1858-GD,variant-677
1250XREAJ-3040-BK,variant-689
1250XREAJ-3040-GD,variant-689
1250XREAJ-3040-SR,variant-689
55-33010-004,variant-691
55-33010-002,variant-691
55-33010-003,variant-696
55-33010-001,variant-696
55-07011-020,variant-709
55-07011-034,variant-709
55-07011-035,variant-709
55-07011-036,variant-709
78-03011-043,variant-734
78-03011-044,variant-734
78-08010-021,variant-739
78-08010-022,variant-739
78-03011-076,variant-749
78-03011-075,variant-749
78-03011-061,variant-754
78-03011-062,variant-754
55-22011-018,variant-759
55-22031-004,variant-759
49-03011-031,variant-799
49-03011-036,variant-799
49-03011-039,variant-799
78-01000-237,variant-804
78-03021-022,variant-804
55-11011-028,variant-816
55-11011-029,variant-816
55-11011-056,variant-816
55-11011-057,variant-816
55-11011-080,variant-821
55-11011-079,variant-821
D911004FB7,variant-826
E867004FB4,variant-826
DEB3004FB6,variant-826
75EA004FB5,variant-826
83-19000-028,variant-836
83-19000-002,variant-836
003GXZJ-3234-BK,variant-874
003GXZJ-3234-GD,variant-874
88864GY-O,variant-909
88864PK-O,variant-909
88864PE-O,variant-909
88864YW-O,variant-909
88871BK,variant-919
88872,variant-919
88871,variant-919
88873BE-C,variant-936
88873EO-C,variant-936
88873-C,variant-936
88881,variant-941
88880BE,variant-941
88880GY,variant-941
81402,variant-946
81403,variant-946
GT-A19-100W16P-BW,variant-1011
GT-A19-100W16P-DL,variant-1011
GT-A19-100W16P-SW,variant-1011
GT-A19-10PK3-H,variant-1031
GT-A19-10PK5-H,variant-1031
GT-A19-3710-BW,variant-1041
GT-A19-3710-DL,variant-1041
GT-A19-3710-SW,variant-1041
GT-A19-51015-BW,variant-1056
GT-A19-51015-DL,variant-1056
GT-A19-51015-SW,variant-1056
GT-A21-52025-BW,variant-1071
GT-A21-52025-DL,variant-1071
GT-A21-52025-SW,variant-1071
HB041,variant-1816
HB042,variant-1816
98026,variant-2104
98027,variant-2104
98028,variant-2104
98029,variant-2104
98030,variant-2104
98031,variant-2104
98036,variant-2109
98037,variant-2109
98038,variant-2119
98039,variant-2119
98017,variant-2129
98018,variant-2129
98019,variant-2129
98873,variant-2134
98873EO,variant-2134
98040,variant-2139
98041,variant-2139
MS-801-BK,variant-2166
MS-801-GY,variant-2166
MS-M28B-BK,variant-2171
MS-M28W-GY,variant-2171
MS-DBS-BK,variant-2176
MS-DBS-GY,variant-2176
PU-PAC-E-JET,variant-2181
PU-PAC-E-BK,variant-2181
PU-PAC-E-BR,variant-2181
PU-PAC-E-IV,variant-2181
HD-SD-W1212GD-A,variant-2450
HD-SD-W1512GD-A,variant-2450
HD-SD-W1530GD-A,variant-2450
HD-SD-W1536GD-A,variant-2450
HD-SD-W1542GD-A,variant-2450
HD-SD-W1812GD-A,variant-2450
HD-SD-W2112GD-A,variant-2450
HD-SD-W2412GD-A,variant-2450
HD-SD-W2430GD-A,variant-2450
HD-SD-W2436GD-A,variant-2450
HD-SD-W2442GD-A,variant-2450
HD-SD-W2712GD-A,variant-2450
HD-SD-W3030GD-A,variant-2450
HD-SD-W3036GD-A,variant-2450
HD-SD-W3312GD-A,variant-2450
HD-SD-W3612GD-A,variant-2450
2FD90051A8,variant-2675
C8850051A9,variant-2675
99DE0051AA,variant-2675
00850051AB,variant-2675
,variant-2675
72D8005299,variant-2680
58FD00529A,variant-2680
HB001,variant-2681
HB002,variant-2681
HB0011,variant-2686
HB0021,variant-2686
HB031,variant-2691
HB032,variant-2691
HB051,variant-2696
HB052,variant-2696
HB061,variant-2701
HB062,variant-2701
HB071,variant-2706
HB072,variant-2706
CCW2H18,variant-2741
CCW2H19H,variant-2741
CCW2H21,variant-2741
CCW2H22H,variant-2741
CCW2H24,variant-2741
CCW2H25H,variant-2741
CCW2H27,variant-2741
CCW2H28H,variant-2741
CCW2H30,variant-2741
CCW2H31H,variant-2741
CCW2H33,variant-2741
CCW2H34H,variant-2741
CCW2H36,variant-2741
CCWFH3S1H19H,variant-2746
CCWFH3S1H25H,variant-2746
CCWFH3S1H31H,variant-2746
CCW3S1H19H,variant-2751
CCW3S1H25H,variant-2751
CCW3S1H31H,variant-2751
CCWFH3S4FD19H,variant-2756
CCWFH3S4FD25H,variant-2756
CCWFH3S4FD31H,variant-2756
CCWFH3S4SD19H,variant-2761
CCWFH3S4SD25H,variant-2761
CCWFH3S4SD31H,variant-2761
CCWFH6S19H,variant-2766
CCWFH6S25H,variant-2766
CCWFH6S31H,variant-2766
CCWFH4SS19H,variant-2796
CCWFH4SS25H,variant-2796
CCWFH4SS31H,variant-2796
CCW1S1H18,variant-2801
CCW1S1H19H,variant-2801
CCW1S1H21,variant-2801
CCW1S1H22H,variant-2801
CCW1S1H24,variant-2801
CCW1S1H25H,variant-2801
CCW1S1H27,variant-2801
CCW1S1H28H,variant-2801
CCW1S1H30,variant-2801
CCW1S1H31H,variant-2801
CCW1S1H33,variant-2801
CCW1S1H34H,variant-2801
CCW1S1H36,variant-2801
CCW4FD19H,variant-2806
CCW4FD25H,variant-2806
CCW4FD31H,variant-2806
CCW4SD19H,variant-2811
CCW4SD25H,variant-2811
CCW4SD31H,variant-2811
CCW3S2FD19H,variant-2816
CCW3S2FD25H,variant-2816
CCW3S2FD31H,variant-2816
CCW3S2SD19H,variant-2821
CCW3S2SD25H,variant-2821
CCW3S2SD31H,variant-2821
CCWFH5S2FD19H,variant-2826
CCWFH5S2FD25H,variant-2826
CCWFH5S2FD31H,variant-2826
CCWFH5S2SD19H,variant-2831
CCWFH5S2SD25H,variant-2831
CCWFH5S2SD31H,variant-2831
CCWFH1S1H2FD19H,variant-2836
CCWFH1S1H2FD25H,variant-2836
CCWFH1S1H2FD31H,variant-2836
CCWFH1S1H2SD19H,variant-2841
CCWFH1S1H2SD25H,variant-2841
CCWFH1S1H2SD31H,variant-2841
CCWFH8SS19H,variant-2846
CCWFH8SS25H,variant-2846
CCWFH8SS31H,variant-2846
CCWFH10S19H,variant-2851
CCWFH10S25H,variant-2851
CCWFH10S31H,variant-2851
CCW3S19H,variant-2856
CCW3S25H,variant-2856
CCW3S31H,variant-2856
CCW4SS19H,variant-2861
CCW4SS25H,variant-2861
CCW4SS31H,variant-2861
KBS-52159-BK-DC-WD-QMW-60,variant-2885
KBS-52159-WH-DC-WD-QMW-60,variant-2885
KBS-52245-AB-DC-YH-W,variant-2890
KBS-52245-SL-DC-HMW-W,variant-2890
KBS-52K033-BG-DC-WH-60,variant-2895
KBS-52K033-WH-DC-WH-60,variant-2895
KBS-52K076-BK-DC-HTM-60,variant-2900
KBS-52K076-WH-DC-WD-YM-60,variant-2900
KBS-52K076-WH-DC-WH-60,variant-2900
KBS-52K139-BK-DC-WD-BK-60,variant-2910
KBS-52K139-WH-DC-WD-WH-60,variant-2910
78-05010-003,variant-2931
78-05010-005,variant-2931
78-05010-007,variant-2931
78-05010-004,variant-2931
BS012-2-BL,variant-2945
BS012-2-GE,variant-2945
BS012-2-GR,variant-2945
BS012-2-YE,variant-2945
BS034-1-CN-L,variant-2950
BS034-1-BK-L,variant-2950
BS034-1-LB-L,variant-2950
BS036-1-CN-L,variant-2955
BS036-1-LB-L,variant-2955
BS037-1-CN-L,variant-2960
BS037-1-BK-L,variant-2960
BS037-1-LB-L,variant-2960
BS039-1-BK-PU,variant-2965
BS039-1-BR-PU,variant-2965
BS041-2-BK-PU,variant-2970
BS041-2-BR-PU,variant-2970
BS003-2-BK-F-N2,variant-2975
BS003-2-BR-F-N2,variant-2975
BS003-2-GR-F-N2,variant-2975
BS006-2-BRB,variant-2980
BS006-2-GR,variant-2980
BS006-2-BB,variant-2980
BS006-2-YB,variant-2980
BS006-2-YE,variant-2980
BS040-2-WH-F,variant-3005
BS040-2-BR-PU-N,variant-3005
BS040-2-BR-PU,variant-3005
CC001-1-G-OR,variant-3006
CC001-1-G-GR,variant-3006
CC001-1-G-GB,variant-3006
CC001-1-G-DB,variant-3006
CC001-1-G-OW,variant-3006
CC001-1-OW-F-N,variant-3011
CC001-1-BRGR-F-N2,variant-3011
CC001-1-YE-F-N,variant-3011
CC001-1-RB-F-N2,variant-3011
CC001-1-BU-F-N,variant-3011
CC001-1-DAGR-F-N2,variant-3011
CC001-1-GR-F-N,variant-3011
CC001-1-RE-F-N,variant-3011
CC001-1-CE-F-N2,variant-3011
CC001-1-CL-F-N,variant-3011
CC028-1-BK-PU-X,variant-3016
CC028-1-BR-PU-X,variant-3016
CC028-1-OW-PU-X,variant-3016
CC052-1-BK-X,variant-3021
CC052-1-BR-X,variant-3021
CC060-2-OW,variant-3026
CC060-2-OB,variant-3026
CC060-2-BB-R,variant-3026
CC060-2-BR-R,variant-3026
CC060-2-BK-PU,variant-3026
CC067-2-OW,variant-3031
CC067-2-GE,variant-3031
CC067-2-BR,variant-3031
CC067-2-BK,variant-3031
CC069-1-BK-PU-X,variant-3036
CC069-1-BR-PU-X,variant-3036
CC073-1-OW-F,variant-3041
CC073-1-YE-F,variant-3041
CC073-1-CL-F,variant-3041
CC073-1-BK-F,variant-3041
CC073-1-BKGE-F,variant-3041
CC073-1-YE-PU,variant-3046
CC073-1-ORBR-PU,variant-3046
CC073-1-BK-PU,variant-3046
CC081-1-BK-PU,variant-3051
CC081-1-BR-PU,variant-3051
CC096-1-BR-PU,variant-3056
CC096-1-BK-PU,variant-3056
CC096-1-LIBR-PU,variant-3056
CC099-1-CN-L,variant-3061
CC099-1-BK-L,variant-3061
CC099-1-LIBR-L,variant-3061
CC099-1-CN-L-N,variant-3061
CC100-1-CN-L,variant-3066
CC100-1-CN-L-N,variant-3066
SF020-1-BK,variant-3071
SF020-1-LB,variant-3071
SF020-1-CN-L-GD,variant-3071
SF037-1-BK,variant-3091
SF037-1-BR,variant-3091
SF037-1-RB,variant-3091
SF037-1-GR,variant-3091
SF037-1-KH-R,variant-3096
SF037-1-BR-R,variant-3096
SF038-BK-BOX1,variant-3101
SF038-BK-BOX2,variant-3101
SF038-BR-R-E-BOX1,variant-3106
SF038-BR-R-E-BOX2,variant-3106
SF038-BK-R-E-BOX1,variant-3111
SF038-BK-R-E-BOX2,variant-3111
SF052-1-CH-L,variant-3116
SF052-1-BK-L,variant-3116
CC080-1-BR-PU-N,variant-3136
CC080-1-BR-PU,variant-3136
CC083-2-WH-F,variant-3146
CC083-2-BR-PU,variant-3146
CC084-2-WH-F-N,variant-3151
CC084-2-BK-PU,variant-3151
CC084-2-BR-PU,variant-3151
CC085-1-BR-PU,variant-3156
CC085-1-WHBR-FPU,variant-3156
CC093-1-GRBR-FPU,variant-3176
CC093-1-OWBR-FPU,variant-3176
CC093-1-GEBR-FPU,variant-3176
CC093-1-REBR-FPU,variant-3176
DC023-1-OW-F,variant-3186
DC023-1-BUGR-F,variant-3186
SF012-1-YE-F-TH,variant-3191
SF012-1-BU-F-TH,variant-3191
SF012-1-OR-F-TH,variant-3191
BD-RWWER2442,variant-3201
BD-RWWER2436,variant-3201
BD-RWWER2430,variant-3201
BD-RWWBC2742,variant-3206
BD-RWWBC2736,variant-3206
BD-RWWBC2730,variant-3206
BD-RWW3624,variant-3211
BD-RWW3024,variant-3211
BD-RWW3618,variant-3211
BD-RWW3615,variant-3211
BD-RWW3612,variant-3211
BD-RWW3018,variant-3211
BD-RWW3015,variant-3211
BD-RWW3012,variant-3211
BD-RWW332424,variant-3216
BD-RWW331824,variant-3216
BD-RWW331524,variant-3216
BD-RWW331224,variant-3216
BD-RWW302424,variant-3216
BD-RWW301824,variant-3216
BD-RWW301524,variant-3216
BD-RWW301224,variant-3216
BD-RWW362424,variant-3216
BD-RWW361824,variant-3216
BD-RWW361224,variant-3216
BD-RWW361524,variant-3216
BD-RWW3612GD,variant-3221
BD-RWW3312GD,variant-3221
BD-RWW3012GD,variant-3221
BD-RWW2712GD,variant-3221
BD-RWW2430GD,variant-3221
BD-RWW3042GD,variant-3226
BD-RWW3036GD,variant-3226
BD-RWW3030GD,variant-3226
BD-RWW2442GD,variant-3226
BD-RWW2436GD,variant-3226
BD-RWW2412GD,variant-3226
BD-RWW2112GD,variant-3226
BD-RWW1812GD,variant-3226
BD-RWW1542GD,variant-3226
BD-RWW1536GD,variant-3226
BD-RWW1512GD,variant-3226
BD-RWW1212GD,variant-3226
BD-RWW2136,variant-3231
BD-RWW2130,variant-3231
BD-RWW1836,variant-3231
BD-RWW1830,variant-3231
BD-RWW1536,variant-3231
BD-RWW1530,variant-3231
BD-RWW1236,variant-3231
BD-RWW1230,variant-3231
BD-RWW0936,variant-3231
BD-RWW2142,variant-3236
BD-RWW1842,variant-3236
BD-RWW1542,variant-3236
BD-RWW1242,variant-3236
BD-RWW0942,variant-3236
BD-RWVSD48,variant-3241
BD-RWVSD42,variant-3241
BD-RWVSD36,variant-3241
BD-RWVS36,variant-3246
BD-RWVS30,variant-3246
BD-RWVS27,variant-3246
BD-RWVS24,variant-3246
BD-RW3VDB18,variant-3246
BD-RW3VDB15,variant-3246
BD-RW3VDB12,variant-3246
BD-RWVDDB60,variant-3251
BD-RWVDDB48,variant-3251
BD-RWV3621DR,variant-3256
BD-RWV3621DL,variant-3256
BD-RWV3021DR,variant-3256
BD-RWV3021DL,variant-3256
BD-RWU309624,variant-3261
BD-RWU309024,variant-3261
BD-RWU249624,variant-3261
BD-RWU249024,variant-3261
BD-RWU248424,variant-3261
BD-RWU189624,variant-3261
BD-RWU189024,variant-3261
BD-RWU188424,variant-3261
BD-RWSB36,variant-3266
BD-RWSB30,variant-3266
BD-RWO339624,variant-3271
BD-RWO339024,variant-3271
BD-RWO338424,variant-3271
BD-RWDCW2442GD,variant-3281
BD-RWDCW2436GD,variant-3281
BD-RWDCW2430GD,variant-3281
BD-RWDCW2412GD,variant-3281
BD-RWDCW2442,variant-3286
BD-RWDCW2436,variant-3286
BD-RWDCW2430,variant-3286
BD-RWBER36,variant-3311
BD-RWBER33,variant-3311
BD-RWBBC42,variant-3316
BD-RWBBC36,variant-3316
BD-RWB36,variant-3321
BD-RWB33,variant-3321
BD-RWB30,variant-3321
BD-RWB27,variant-3321
BD-RWB24,variant-3321
BD-RWB21,variant-3321
BD-RWB18,variant-3321
BD-RWB15,variant-3321
BD-RWB12,variant-3321
BD-RW4DB18,variant-3326
BD-RW4DB15,variant-3326
BD-RW4DB12,variant-3326
BD-RW3DB36,variant-3331
BD-RW3DB30,variant-3331
BD-RW3DB24,variant-3331
BD-RW3DB21,variant-3331
BD-RW3DB18,variant-3331
BD-RW3DB15,variant-3331
BD-RW3DB12,variant-3331
BD-RW2DB36,variant-3336
BD-RW2DB30,variant-3336
BD-RW2DB24,variant-3336
BD-RW2DB18,variant-3336
BD-RWW3642,variant-3341
BD-RWW3342,variant-3341
BD-RWW3042,variant-3341
BD-RWW2742,variant-3341
BD-RWW2442,variant-3341
BD-RWW2736,variant-3346
BD-RWW2730,variant-3346
BD-RWW3636,variant-3346
BD-RWW3630,variant-3346
BD-RWW3336,variant-3346
BD-RWW3330,variant-3346
BD-RWW3036,variant-3346
BD-RWW3030,variant-3346
BD-RWW2436,variant-3346
BD-RWW2430,variant-3346
,variant-3350
08719327458747,variant-3350
BCBD-63-Black,variant-3360
BCBD-110-WHITE,variant-3360
DEMULLER-BCBD-63-WHITE-dianzi,variant-3365
DEMULLER-BCBD-79-WHITE,variant-3365
DEMULLER-BCBD-110-WHITE,variant-3365
BC-50E,variant-3366
BC-98E,variant-3366
BCD-72-YELLOW,variant-3371
BCD-72-BLUE,variant-3371
BCD-100A-BLACK,variant-3376
BCD-100A-SILVER,variant-3376
BC-98A-BLACK,variant-3381
BC-98A-SILVER,variant-3381
DEMULLER-BCD100-BLACK,variant-3386
DEMULLER-BCD100-WHITE,variant-3386
50-03011-015,variant-3390
50-03011-014,variant-3390
DML-10A,variant-3395
DML-20A,variant-3395
78-07011-012,variant-3400
78-07011-013,variant-3400
78-07011-021,variant-3410
78-07011-022,variant-3410
78-07011-023,variant-3415
78-07011-024,variant-3415
G041035,variant-3426
G041023,variant-3426
50-03011-012,variant-3436
50-03011-013,variant-3436
83-24011-016,variant-3446
83-24011-019,variant-3446
G041730,variant-3455
G041732,variant-3455
G041733,variant-3455
HB045,variant-3470
HB046,variant-3470
HB048,variant-3475
HB047,variant-3475
HB0132,variant-3480
HB0131,variant-3480
3M-1908GXRE-2164-BK,variant-3485
3M-1908GXRE-2164-GD,variant-3485
1908PD-2238-BK,variant-3490
1908PD-2036-BK,variant-3490
1908PD-2238-GD,variant-3490
1908PD-2036-GD,variant-3490
1908PDGXPD-1648-BK,variant-3495
1908PDGXPD-1648-GD,variant-3495
1908PDGXZJ-1648-BK,variant-3500
1908PDGXZJ-1648-GD,variant-3500
1908TY-2028-BK,variant-3505
1908TY-2436-BK,variant-3505
1908TY-2638-BK,variant-3505
1908YJ-1818-GD,variant-3510
1908YJ-2020-GD,variant-3510
1908YJ-2020-BK,variant-3510
PD1908YJ-1616-BK,variant-3510
PD1908YJ-2424-BK,variant-3510
WKYX04-2032,variant-3515
WKYX04-2436,variant-3515
1908YJ-2424-BK,variant-3520
1908YJ-3030-BK,variant-3520
1908YJ-2424-GD,variant-3520
1908YJ-3030-GD,variant-3520
3M-003ZJ-2164-BK,variant-3525
3M-003ZJ-1858-BK,variant-3525
3M-003ZJ-2164-GD,variant-3525
3M-003ZJ-1858-GD,variant-3525
003MJ-1650-BK,variant-3529
003MJ-1448-BK,variant-3529
003MJ-1650-GD,variant-3529
003MJ-1448-GD,variant-3529
003ZJ-1858-BK,variant-3534
003ZJ-1858-GD,variant-3534
84561-MSG,variant-3535
84561-MSC,variant-3535
85170-859,variant-3540
85170-865,variant-3540
85170-930,variant-3540
85170-864,variant-3540
85170-867,variant-3540
85170-970,variant-3540
81191-MBW,variant-3545
81191-MLK,variant-3545
81191-MTB,variant-3545
84490-MBB,variant-3570
84490-MBW-MY,variant-3570
85621-927,variant-3600
85621-970,variant-3600
2318-205,variant-3615
2318-394,variant-3615
84450-MBB,variant-3620
84450-MBW,variant-3620
84410-MBB,variant-3625
84410-MBW,variant-3625
84410-V036,variant-3625
85750-MBB,variant-3640
85750-MBW,variant-3640
81042-MLH,variant-3645
81042-MLW,variant-3645
81130-MFM,variant-3650
81130-MFT,variant-3650
85600-927,variant-3670
85600-865,variant-3670
85600-970,variant-3670
61020-V036,variant-3675
61020-970,variant-3675
66000-959,variant-3680
66000-859,variant-3680
84440-MBW-MY,variant-3710
84440N-MBW-MY,variant-3710
81231-MBB-2P-MY,variant-3720
81231-MBW-2P-MY,variant-3720
84553-APB,variant-3735
84553-APY,variant-3735
84553-APA,variant-3735
84553-APC,variant-3735
81220-MLH,variant-3755
81220-PPW,variant-3755
81041-MLH,variant-3760
81041-MLW,variant-3760
81041-MFB,variant-3760
81041-MFR,variant-3760
81041-PPW,variant-3760
2345-D014,variant-3765
2345-804,variant-3765
2345-205,variant-3765
2345-959,variant-3765
2345-962,variant-3765
2345-859,variant-3765
2345-V036,variant-3765
2345-930,variant-3765
2345-747,variant-3765
20400-APA,variant-3770
20400-APB,variant-3770
20400-APC,variant-3770
20400-APY,variant-3770
KBS-42K009-BK-DC-N,variant-3824
KBS-42K009-WH-DC-N,variant-3824
KBS-52K096-BK-DC-ABS-BK-60,variant-3829
KBS-52K096-BK-DC-ABS-SMW-60,variant-3829
KBS-52K096SMTY-BK-DC-ABS-BK-60,variant-3834
KBS-52K096SMTY-BK-DC-ABS-SMW-60,variant-3834
KBS-52K096SMTY-WH-DC-ABS-WH-60,variant-3834
KBS-52K131-BK-DC-60,variant-3839
KBS-52K131-SN-DC-60,variant-3839
KBS-52K131-WH-DC-60,variant-3839
KBS-66K002SMTY-BK-DC-BK-60,variant-3844
KBS-66K002SMTY-SN-DC-BK-60,variant-3844
KBS-48K006-WH-DC-YM-50,variant-3849
KBS-48K006-BK-DC-HTM-50,variant-3849
55-97000-003,variant-3855
55-97000-002,variant-3855
KBS-46K001-WH-DC-QMW,variant-3870
KBS-46K001-WH-DC-WH,variant-3870
KBS-46K001-MH-DC-MW,variant-3870
KBS-48K022-WH-DC-WH-60,variant-3875
KBS-48K022-BK-DC-BK-60,variant-3875
KBS-52153-WH-DC-WH-60,variant-3880
KBS-52153-BK-DC-BK-60,variant-3880
KBS-52K136-BK-DC-SS-60,variant-3900
KBS-66K005-BK-DC-SS-60,variant-3900
TR001RD,variant-3905
TR001BL,variant-3905
W2629P176847,variant-3915
W2629P176844,variant-3915
W2629P176840,variant-3920
W2629P176837,variant-3920
W808119782,variant-3930
W808119781,variant-3930
W80870283,variant-3940
W80842426,variant-3940
W808P165881,variant-3940
W808105247,variant-3965
W808105250,variant-3965
W808122618,variant-3975
W808122617,variant-3975
W808122616,variant-3980
W808122614,variant-3980
W808P176723,variant-3992
W808P176725,variant-3992
W808P176726,variant-3992
W808P176732,variant-3997
W808P176737,variant-3997
W808P176733,variant-3997
W1901112437,variant-4000
W1901126478,variant-4000
W1901112438,variant-4000
W1901126479,variant-4000
W1901112439,variant-4000
W1901126480,variant-4000
W1901112440,variant-4000
W1901126481,variant-4000
W1901112441,variant-4005
W1901112443,variant-4005
W1901112442,variant-4005
W1901112444,variant-4005
W1901112445,variant-4010
W1901112447,variant-4010
W1901112446,variant-4010
W1901112448,variant-4010
W1901112449,variant-4015
W1901112451,variant-4015
W1901112450,variant-4015
W1901112452,variant-4015
W1901P178306,variant-4020
W1901P178307,variant-4020
CD001-DRS,variant-4025
CD001-DRL,variant-4025
CD001-WHS,variant-4025
CD001-WHL,variant-4025
HD003BL-SL,variant-4035
HD003RB-SL,variant-4035
HD011RB-SL,variant-4045
HD011BL-SL,variant-4045
TR002RD,variant-4060
TR002BL,variant-4060
TR002YE,variant-4060
1800642,variant-4075
1800643,variant-4075
FB001,variant-4085
LB-TB01-2,variant-4085
LB-D01,variant-4085
003GXZJ-2164-BK,variant-4090
003GXZJ-2164-GD,variant-4090
003GXZJ-2030-BK,variant-4095
003GXZJ-2030-GD,variant-4095
003GXZJ-2436-BK,variant-4100
003GXZJ-2436-GD,variant-4100
003GXZJ-2638-BK,variant-4105
003GXZJ-2638-GD,variant-4105
TICONN - 168,variant-4107
TICONN - 166,variant-4107
Baleine-395-MBClear6pk,variant-4112
Baleine-389-MBGrey6pk,variant-4112
Baleine-377-MBBlack6pk,variant-4112
Baleine-763-NW90Gy3P,variant-4117
Baleine-765-NW90Gy6P,variant-4117
Baleine-431-CWSRd,variant-4122
Baleine-433-CWSGy,variant-4122
Baleine-102-OMBPink1P,variant-4132
Baleine-653-OMBAF1P,variant-4132
Baleine-100-OMBGray1P,variant-4132
Baleine-071-DBagPink,variant-4137
Baleine-061-DBagBlack,variant-4137
Baleine-159-DBagAzure,variant-4137
1250XGXREAJ-2030-BK,variant-4142
1250XREAJ-2230-BK,variant-4142
1250XREAJ-2230-GD,variant-4142
1250XREAJ-2436-BK,variant-4147
1250XREAJ-2436-GD,variant-4147
1250XREAJ-2436-SR,variant-4147
Baleine-1061-PETS6PK,variant-4152
Baleine-1060-PETS4PK,variant-4152
Baleine-663-FSBGr4P,variant-4155
Baleine-662-FSBGr3P,variant-4155
Baleine-897-FSBk1PK,variant-4160
Baleine-903-FSBk2PK,variant-4160
Baleine-1078-UTBZLPk,variant-4170
Baleine-1006-UTBZPi,variant-4170
Baleine-551-IRSB2pkSS,variant-4175
Baleine-549-IRSB2pkAF,variant-4175
Baleine-315-AF3PK,variant-4180
Baleine-323-SS3PK,variant-4180
Baleine-525-BK3PK,variant-4180
Baleine-643-PPSGy4pk,variant-4185
Baleine-647-PPSAf4pk,variant-4185
Baleine-867-CTLGy1P,variant-4187
Baleine-863-CTMGy1P,variant-4187
Baleine-876-CCXLBl1P,variant-4192
Baleine-874-CCXLBk1P,variant-4192
HB0031,variant-4215
HB0141,variant-4215
EZL2404A-BK-1,variant-4220
EZL2404A-BK-2,variant-4220
EZL2404A-BK-3,variant-4220
DL5LW,variant-4225
DL5DB,variant-4225
DL5BL,variant-4225
1818325,variant-4230
1818169,variant-4230
PG10LW,variant-4235
YLZ10CB,variant-4235
CT010-WH,variant-4252
CT010-WB,variant-4252
CT011-BL,variant-4257
CT011-WH,variant-4257
JS-RCT003-RB,variant-4262
JS-RCT003-GY,variant-4262
JS-RCT003-BL,variant-4262
HB0133,variant-4267
HB0134,variant-4267
EZL2404A-WH-1,variant-4270
EZL2404A-WH-2,variant-4270
EZL2404A-WH-3,variant-4270
LYDD02-Y,variant-4290
LYDD02-W,variant-4290
LT-01-GD-1,variant-4295
LT-01-GD-3,variant-4295
LT-01-GD-6,variant-4295
LT-01-GD-6-CB,variant-4295
LT-01-BK-1,variant-4300
LT-01-BK-3,variant-4300
LT-01-BK-6,variant-4300
LT-01-BK-6-CB,variant-4300
LY-23-5-WH,variant-4305
LY-23-5-WA,variant-4305
LY-23-3-WH,variant-4310
LY-23-3-WA,variant-4310
LY-37-2-WH,variant-4315
LY-37-2-WA,variant-4315
LY-50-1-SI,variant-4320
LY-50-1-GY,variant-4320
LY-50-2-SI,variant-4320
LY-50-2-GY,variant-4320
EZL2401A-20-SI-2,variant-4325
EZL2401A-20-BK-2,variant-4325
EZL2401A-25-SI-2,variant-4325
EZL2401A-25-BK-2,variant-4325
EZL2401A-37-SI-2,variant-4325
EZL2401A-37-BK-2,variant-4325
EZL2417A-20-1,variant-4332
EZL2417A-20-3,variant-4332
EZL2417A-30-1,variant-4337
EZL2417A-30-3,variant-4337
LYB-30-SI-2,variant-4342
LYB-30-GY-2,variant-4342
EZL2414A-3,variant-4350
EZL2414A-6,variant-4350
EZL2414A-3-C,variant-4350
EZL2414A-6-C,variant-4350
EZL2415A-1-WH,variant-4355
EZL2415A-3-WH,variant-4355
EZL2415A-6-WH,variant-4355
EZL2415A-6-WHCB,variant-4355
EZL2415A-3-BK,variant-4360
EZL2415A-6-BK,variant-4360
EZL2415A-6-BKCB,variant-4360
HB0151,variant-4365
HB0153,variant-4365
HB0181,variant-4370
HB0182,variant-4370
HB0183,variant-4370
JS-AS001-RBS,variant-4375
JS-AS001-BLS,variant-4375
