sku,group_skus.0
CSO001-BLK-S,variant-7
CSO001-MIDN-S,variant-7
CSO001-MERL-S,variant-7
CSO001-BLK-M,variant-7
CSO001-MIDN-M,variant-7
CSO001-MERL-M,variant-7
CSO001-BLK-L,variant-7
CSO001-MIDN-L,variant-7
CSO001-MERL-L,variant-7
CSO001-BLK-XL,variant-7
CSO001-MIDN-XL,variant-7
CSO001-MERL-XL,variant-7
CSO003-BLK-S,variant-11
CSO003-MIDN-S,variant-11
CSO003-MERL-S,variant-11
CSO003-BLK-M,variant-11
CSO003-MIDN-M,variant-11
CSO003-MERL-M,variant-11
CSO003-BLK-L,variant-11
CSO003-MIDN-L,variant-11
CSO003-MERL-L,variant-11
CSO003-BLK-XL,variant-11
CSO003-MIDN-XL,variant-11
CSO003-MERL-XL,variant-11
CSO004-BLK-S,variant-15
CSO004-MIDN-S,variant-15
CSO004-MERL-S,variant-15
CSO004-BLK-M,variant-15
CSO004-MIDN-M,variant-15
CSO004-MERL-M,variant-15
CSO004-BLK-L,variant-15
CSO004-MIDN-L,variant-15
CSO004-MERL-L,variant-15
CSO004-BLK-XL,variant-15
CSO004-MIDN-XL,variant-15
CSO004-MERL-XL,variant-15
CSO002-BLK-S,variant-19
CSO002-BLK-M,variant-19
CSO002-BLK-L,variant-19
CSO002-BLK-XL,variant-19
CCO002-BLK-S,variant-23
CCO002-BLK-M,variant-23
CCO002-BLK-L,variant-23
CCO002-BLK-XL,variant-23
CSB001-BLK-S,variant-27
CSB001-MIDN-S,variant-27
CSB001-MERL-S,variant-27
CSB001-BLK-M,variant-27
CSB001-MIDN-M,variant-27
CSB001-MERL-M,variant-27
CSB001-BLK-L,variant-27
CSB001-MIDN-L,variant-27
CSB001-MERL-L,variant-27
CSB001-BLK-XL,variant-27
CSB001-MIDN-XL,variant-27
CSB001-MERL-XL,variant-27
CSB003-BLK-S,variant-31
CSB003-BLK-M,variant-31
CSB003-BLK-L,variant-31
CSB003-BLK-XL,variant-31
CSB002-BLK-S,variant-35
CSB002-MDNT-S,variant-35
CSB002-MERL-S,variant-35
CSB002-BLK-M,variant-35
CSB002-MDNT-M,variant-35
CSB002-MERL-M,variant-35
CSB002-BLK-L,variant-35
CSB002-MDNT-L,variant-35
CSB002-MERL-L,variant-35
CSB002-BLK-XL,variant-35
CSB002-MDNT-XL,variant-35
CSB002-MERL-XL,variant-35
CSB004-BLK-S,variant-39
CSB004-BLK-M,variant-39
CSB004-BLK-L,variant-39
CSB004-BLK-XL,variant-39
CCB001-BLK-S,variant-43
CCB001-BLK-M,variant-43
CCB001-BLK-L,variant-43
CCB001-BLK-XL,variant-43
CCB003-BLK-S,variant-47
CCB003-BLK-M,variant-47
CCB003-BLK-L,variant-47
CCB003-BLK-XL,variant-47
CCB004-BLK-S,variant-51
CCB004-BLK-M,variant-51
CCB004-BLK-L,variant-51
CCB004-BLK-XL,variant-51
CST001-BLK-S,variant-55
CST001-MIDN-S,variant-55
CST001-MERL-S,variant-55
CST001-BLK-M,variant-55
CST001-MIDN-M,variant-55
CST001-MERL-M,variant-55
CST001-BLK-L,variant-55
CST001-MIDN-L,variant-55
CST001-MERL-L,variant-55
CST001-BLK-XL,variant-55
CST001-MIDN-XL,variant-55
CST001-MERL-XL,variant-55
CST002-BLK-S,variant-59
CST002-MIDN-S,variant-59
CST002-MERL-S,variant-59
CST002-BLK-M,variant-59
CST002-MIDN-M,variant-59
CST002-MERL-M,variant-59
CST002-BLK-L,variant-59
CST002-MIDN-L,variant-59
CST002-MERL-L,variant-59
CST002-BLK-XL,variant-59
CST002-MIDN-XL,variant-59
CST002-MERL-XL,variant-59
CST003-BLK-S,variant-63
CST003-BLK-M,variant-63
CST003-BLK-L,variant-63
CST003-BLK-XL,variant-63
CST004-BLK-S,variant-67
CST004-BLK-M,variant-67
CST004-BLK-L,variant-67
CST004-BLK-XL,variant-67
CCT001-BLK-S,variant-71
CCT001-BLK-M,variant-71
CCT001-BLK-L,variant-71
CCT001-BLK-XL,variant-71
CCT002-BLK-S,variant-75
CCT002-BLK-M,variant-75
CCT002-BLK-L,variant-75
CCT002-BLK-XL,variant-75
CCT003-BLK-S,variant-79
CCT003-BLK-M,variant-79
CCT003-BLK-L,variant-79
CCT003-BLK-XL,variant-79
CCT004-BLK-S,variant-83
CCT004-BLK-M,variant-83
CCT004-BLK-L,variant-83
CCT004-BLK-XL,variant-83
CCO003-BLK-S,variant-85
CCO003-BLK-XL,variant-85
CCO003-BLK-M,variant-85
CCO003-BLK-L,variant-85
CCO001-BLK-XL,variant-90
CCO001-BLK-S,variant-90
CCO001-BLK-M,variant-90
CCO001-BLK-L,variant-90
CCB002-BLK-S,variant-95
CCB002-BLK-M,variant-95
CCB002-BLK-L,variant-95
CCB002-BLK-XL,variant-95
CSO005-MLTI-S,variant-96
CSO005-MLTI-M,variant-96
CSO005-MLTI-L,variant-96
CSO005-MLTI-XL,variant-96
CSO005-GRN-S,variant-101
CSO005-GRN-M,variant-101
CSO005-GRN-L,variant-101
CSO005-GRN-XL,variant-101
CSO005-PINK-S,variant-101
CSO005-PINK-M,variant-101
CSO005-PINK-L,variant-101
CSO005-PINK-XL,variant-101
CSO005-BKWH-S,variant-101
CSO005-BKWH-M,variant-101
CSO005-BKWH-L,variant-101
CSO005-BKWH-XL,variant-101
CSO010-MLTI-S,variant-106
CSO010-MLTI-M,variant-106
CSO010-MLTI-L,variant-106
CSO010-MLTI-XL,variant-106
CSO010-GRN-S,variant-111
CSO010-GRN-M,variant-111
CSO010-GRN-L,variant-111
CSO010-GRN-XL,variant-111
CSO010-PURP-S,variant-111
CSO010-PURP-M,variant-111
CSO010-PURP-L,variant-111
CSO010-PURP-XL,variant-111
CSO010-PINK-S,variant-111
CSO010-PINK-M,variant-111
CSO010-PINK-L,variant-111
CSO010-PINK-XL,variant-111
CSO010-BLK-S,variant-111
CSO010-BLK-M,variant-111
CSO010-BLK-L,variant-111
CSO010-BLK-XL,variant-111
CSO016-GRN-S,variant-116
CSO016-GRN-M,variant-116
CSO016-GRN-L,variant-116
CSO016-GRN-XL,variant-116
CSO016-BLK-S,variant-116
CSO016-BLK-M,variant-116
CSO016-BLK-L,variant-116
CSO016-BLK-XL,variant-116
CSO007-MLTI-S,variant-121
CSO007-MLTI-M,variant-121
CSO007-MLTI-L,variant-121
CSO007-MLTI-XL,variant-121
CSO007-BLUE-S,variant-126
CSO007-BLUE-M,variant-126
CSO007-BLUE-L,variant-126
CSO007-BLUE-XL,variant-126
CSO007-PURP-S,variant-126
CSO007-PURP-M,variant-126
CSO007-PURP-L,variant-126
CSO007-PURP-XL,variant-126
CSO007-PINK-S,variant-126
CSO007-PINK-M,variant-126
CSO007-PINK-L,variant-126
CSO007-PINK-XL,variant-126
CSO007-BKWH-S,variant-126
CSO007-BKWH-M,variant-126
CSO007-BKWH-L,variant-126
CSO007-BKWH-XL,variant-126
CSO012-BKWH-S,variant-131
CSO012-BKWH-M,variant-131
CSO012-BKWH-L,variant-131
CSO012-BKWH-XL,variant-131
CSO011-PURP-S,variant-136
CSO011-PURP-M,variant-136
CSO011-PURP-L,variant-136
CSO011-PURP-XL,variant-136
CSO011-PINK-S,variant-136
CSO011-PINK-M,variant-136
CSO011-PINK-L,variant-136
CSO011-PINK-XL,variant-136
CSO011-BLK-S,variant-136
CSO011-BLK-M,variant-136
CSO011-BLK-L,variant-136
CSO011-BLK-XL,variant-136
CSO028-GRN-S,variant-141
CSO028-GRN-M,variant-141
CSO028-GRN-L,variant-141
CSO028-GRN-XL,variant-141
CSO028-PURP-S,variant-141
CSO028-PURP-M,variant-141
CSO028-PURP-L,variant-141
CSO028-PURP-XL,variant-141
CSO028-PINK-S,variant-141
CSO028-PINK-M,variant-141
CSO028-PINK-L,variant-141
CSO028-PINK-XL,variant-141
CSO028-BLK-S,variant-141
CSO028-BLK-M,variant-141
CSO028-BLK-L,variant-141
CSO028-BLK-XL,variant-141
CSB015-BLUE-S,variant-144
CSB015-BLUE-M,variant-144
CSB015-BLUE-L,variant-144
CSB015-BLUE-XL,variant-144
CSB015-BLK-S,variant-144
CSB015-BLK-M,variant-144
CSB015-BLK-L,variant-144
CSB015-BLK-XL,variant-144
CSB006-BLK-S,variant-149
CSB006-BLK-M,variant-149
CSB006-BLK-L,variant-149
CSB006-BLK-XL,variant-149
CSB006-BLUE-S,variant-154
CSB006-BLUE-M,variant-154
CSB006-BLUE-L,variant-154
CSB006-BLUE-XL,variant-154
CSB006-PURP-S,variant-154
CSB006-PURP-M,variant-154
CSB006-PURP-L,variant-154
CSB006-PURP-XL,variant-154
CSB006-PINK-S,variant-154
CSB006-PINK-M,variant-154
CSB006-PINK-L,variant-154
CSB006-PINK-XL,variant-154
CSB006-BKWH-S,variant-154
CSB006-BKWH-M,variant-154
CSB006-BKWH-L,variant-154
CSB006-BKWH-XL,variant-154
CSB005-MLTI-S,variant-159
CSB005-MLTI-M,variant-159
CSB005-MLTI-L,variant-159
CSB005-MLTI-XL,variant-159
CSB005-GRN-S,variant-164
CSB005-GRN-M,variant-164
CSB005-GRN-L,variant-164
CSB005-GRN-XL,variant-164
CSB005-BLUE-S,variant-164
CSB005-BLUE-M,variant-164
CSB005-BLUE-L,variant-164
CSB005-BLUE-XL,variant-164
CSB005-PINK-S,variant-164
CSB005-PINK-M,variant-164
CSB005-PINK-L,variant-164
CSB005-PINK-XL,variant-164
CSB005-BLK-S,variant-164
CSB005-BLK-M,variant-164
CSB005-BLK-L,variant-164
CSB005-BLK-XL,variant-164
CSB022-MLTI-S,variant-169
CSB022-MLTI-M,variant-169
CSB022-MLTI-L,variant-169
CSB022-MLTI-XL,variant-169
CSB024-GRN-S,variant-174
CSB024-GRN-M,variant-174
CSB024-GRN-L,variant-174
CSB024-GRN-XL,variant-174
CSB024-BLK-S,variant-174
CSB024-BLK-M,variant-174
CSB024-BLK-L,variant-174
CSB024-BLK-XL,variant-174
CSB027-BLUE-S,variant-179
CSB027-BLUE-M,variant-179
CSB027-BLUE-L,variant-179
CSB027-BLUE-XL,variant-179
CSB027-GRN-S,variant-179
CSB027-GRN-M,variant-179
CSB027-GRN-L,variant-179
CSB027-GRN-XL,variant-179
CSB027-PINK-S,variant-179
CSB027-PINK-M,variant-179
CSB027-PINK-L,variant-179
CSB027-PINK-XL,variant-179
CSB027-BLK-S,variant-179
CSB027-BLK-M,variant-179
CSB027-BLK-L,variant-179
CSB027-BLK-XL,variant-179
CST014-BLUE-S,variant-184
CST014-BLUE-M,variant-184
CST014-BLUE-L,variant-184
CST014-BLUE-XL,variant-184
CST014-BLK-S,variant-184
CST014-BLK-M,variant-184
CST014-BLK-L,variant-184
CST014-BLK-XL,variant-184
CST009-MLTI-S,variant-189
CST009-MLTI-M,variant-189
CST009-MLTI-L,variant-189
CST009-MLTI-XL,variant-189
CST009-BLUE-S,variant-194
CST009-BLUE-M,variant-194
CST009-BLUE-L,variant-194
CST009-BLUE-XL,variant-194
CST009-PURP-S,variant-194
CST009-PURP-M,variant-194
CST009-PURP-L,variant-194
CST009-PURP-XL,variant-194
CST009-PINK-S,variant-194
CST009-PINK-M,variant-194
CST009-PINK-L,variant-194
CST009-PINK-XL,variant-194
CST009-BKWH-S,variant-194
CST009-BKWH-M,variant-194
CST009-BKWH-L,variant-194
CST009-BKWH-XL,variant-194
CST005-MLTI-S,variant-199
CST005-MLTI-M,variant-199
CST005-MLTI-L,variant-199
CST005-MLTI-XL,variant-199
CST005-GRN-S,variant-204
CST005-GRN-M,variant-204
CST005-GRN-L,variant-204
CST005-GRN-XL,variant-204
CST005-BLUE-S,variant-204
CST005-BLUE-M,variant-204
CST005-BLUE-L,variant-204
CST005-BLUE-XL,variant-204
CST005-PINK-S,variant-204
CST005-PINK-M,variant-204
CST005-PINK-L,variant-204
CST005-PINK-XL,variant-204
CST005-BLK-S,variant-204
CST005-BLK-M,variant-204
CST005-BLK-L,variant-204
CST005-BLK-XL,variant-204
CST021-MLTI-S,variant-209
CST021-MLTI-M,variant-209
CST021-MLTI-L,variant-209
CST021-MLTI-XL,variant-209
CST023-GRN-S,variant-214
CST023-GRN-M,variant-214
CST023-GRN-L,variant-214
CST023-GRN-XL,variant-214
CST023-BLK-S,variant-214
CST023-BLK-M,variant-214
CST023-BLK-L,variant-214
CST023-BLK-XL,variant-214
