sku,fields.name,fields.brand,fields.description,fields.material,fields.pattern,fields.bullet_1,fields.bullet_2,fields.bullet_3,fields.bullet_4,fields.bullet_5,fields.target_posting_template,fields.target_listing_action,fields.garment_rise,fields.garment_waist_closure,fields.pattern_group,fields.swimwear_style,fields.textile_dry_recommendation,fields.textile_wash_recommendation,fields.upf_rating,fields.subtype,fields.gender,fields.size_grouping,fields.audience,fields.garment_back_type,fields.garment_closure_type,fields.garment_sleeve_length_type,fields.sheerness,fields.bra_cup_construction,fields.coverage,fields.tax,fields.garment_construction_details,fields.season,options.0,options.1
variant-7,Coppersuit - Women's Convertible Cross Back One Piece Swimsuit,Coppersuit,"You'll love how you look and feel in our unique Coppersuit Cross Back One Piece Swimsuit. This stylish and sleek one piece swimsuit is designed with copper-infused fabric for antibacterial and odor-control features that will keep you feeling fresh all day, in and out of water. The one piece also features a flattering cross back cut to accentuate your figure and removable cups for adjustable support. Pair this one piece with any swimsuit cover up for the perfect look.",Nylon,Solid,82% COPPER INFUSED NYLON 18% SPANDEX,"Our Model is 5'10 wearing a size medium. She has a 34"" bust, 24"" waist and 35.5"" hips. She usually wears a standard dress size",Copper-Infused,"Antibacterial ,Fights Odor,May Improve Blood Flow,Durable Fabric",Removable cups,One Piece Swimsuits New,FULL,,,Solid,Over the Shoulder,Line Dry or Lay Flat to Dry,Hand Wash,UPF 50+,One Piece Swimsuits,Female,Womens,Adult (18 Years and Up),open,Pull-On,Sleeveless,,,Full,,,Vacation,size,color
variant-11,Coppersuit - Women's Sporty One Piece Swimsuit,Coppersuit,"Look sleek and sophisticated at the pool this summer in our Coppersuit Sporty One Piece swimsuit. This unique one piece swimsuit is designed with copper-infused fabric for antibacterial and odor-control features that will keep you feeling fresh all day, in and out of water. A v-neck cut and open-back design will show off and flatter your figure in all the best ways. Removable cups provide secure and adjustable support for your active day in the water. Pair with any cover up for a complete look!",Nylon,Solid,82% COPPER INFUSED NYLON 18% SPANDEX,"Our Model is 5'10 wearing a size medium. She has a 34"" bust, 24"" waist and 35.5"" hips. She usually wears a standard dress size",Copper-Infused,"Antibacterial ,Fights Odor,May Improve Blood Flow,Durable Fabric",Removable cups,One Piece Swimsuits New,FULL,,,Solid,Over the Shoulder,Line Dry or Lay Flat to Dry,Hand Wash,UPF 50+,One Piece Swimsuits,Female,Womens,Adult (18 Years and Up),open,Pull-On,Sleeveless,,,Full,,,Vacation,size,color
variant-15,Coppersuit - Women's Long Sleeve One Piece Swimsuit,Coppersuit,"Our Coppersuit Long Sleeve One Piece swimsuit is the ultimate sleek rashguard for all your active days in the water. Our long sleeved rash guard provides extra coverage and UPF 50+ protection from the sun, while providing full range of motion. This stylish swimsuit is also designed with copper-infused fabric for antibacterial and odor-control properties to keep you feeling fresh all day long. An open-back tie detail and removable cups provide adjustable support and style. Hit the beach with this one piece!",Nylon,Solid,82% COPPER INFUSED NYLON 18% SPANDEX,"Our Model is 5'10 wearing a size medium. She has a 34"" bust, 24"" waist and 35.5"" hips. She usually wears a standard dress size",Copper-Infused,"Antibacterial ,Fights Odor,May Improve Blood Flow,Durable Fabric",Removable cups,One Piece Swimsuits New,FULL,,,Solid,One Piece Rash Guard,Line Dry or Lay Flat to Dry,Hand Wash,UPF 50+,One Piece Swimsuits,Female,Womens,Adult (18 Years and Up),Gathered,Pull-On,Long Sleeve,,,Full,,,Vacation,size,color
variant-19,Coppersuit - Women's Zip Front High Neck One Piece Swimsuit,Coppersuit,"Lounge at the beach in fresh style with this Coppersuit Zip Front High Neck One Piece, which will give you a sleek, sophisticated look. The swimsuit's high neck cut and racerback cutout will flatter your frame and shoulders. This one piece swimsuit is also designed with a stylish zip up front, and copper-infused fabric for antibacterial and odor-control features that will keep you feeling fresh all day, in and out of water. Throw on your favorite sunglasses and sandals for a breezy summer look!",Nylon,Solid,82% COPPER INFUSED NYLON 18% SPANDEX,"Our Model is 5'10 wearing a size medium. She has a 34"" bust, 24"" waist and 35.5"" hips. She usually wears a standard dress size",Copper-Infused,"Antibacterial ,Fights Odor,May Improve Blood Flow,Durable Fabric",Removable cups,One Piece Swimsuits New,FULL,,,Solid,Over The Shoulder,Line Dry or Lay Flat to Dry,Hand Wash,UPF 50+,One Piece Swimsuits,Female,Womens,Adult (18 Years and Up),open,Pull-On,Sleeveless,,,Full,,,Vacation,size,color
variant-23,CopperControl by Coppersuit - Women's Tummy Control Bandeau One Piece Swimsuit,Coppersuit,"Lounge at the beach in fresh style with this Coppersuit Zip Front High Neck One Piece, which will give you a sleek, sophisticated look. The swimsuit's high neck cut and racerback cutout will flatter your frame and shoulders. This one piece swimsuit is also designed with a stylish zip up front, and copper-infused fabric for antibacterial and odor-control features that will keep you feeling fresh all day, in and out of water. Throw on your favorite sunglasses and sandals for a breezy summer look!",Nylon,Solid,82% COPPER INFUSED NYLON 18% SPANDEX,"Our Model is 5'10 wearing a size medium. She has a 34"" bust, 24"" waist and 35.5"" hips. She usually wears a standard dress size",Copper-Infused,"Antibacterial ,Fights Odor,May Improve Blood Flow,Durable Fabric",Removable cups,One Piece Swimsuits New,FULL,,,Solid,Bandeau,Line Dry or Lay Flat to Dry,Hand Wash,UPF 50+,One Piece Swimsuits,Female,Womens,Adult (18 Years and Up),open,Pull-On,Sleeveless,,,Full,,,Vacation,size,color
variant-27,Coppersuit - Women's Banded High Waist Swim Bottom,Coppersuit,"This season, go for a stylish, sleek beach look in our Coppersuit Banded High Waist Bottoms. These unique swim bottoms are designed with copper-infused fabric for antibacterial and odor-control properties to keep you feeling fresh while you stay active all day long. A high waist cut flatters your hips and hugs your curves for a perfect fit. These swim bottoms will also give you extra sun protection with UPF 50+. Pair these swim bottoms with our Coppersuit Banded Halter Swim Bra for a complete look!",Nylon,Solid,82% COPPER INFUSED NYLON 18% SPANDEX,"Our Model is 5'10 wearing a size medium. She has a 34"" bust, 24"" waist and 35.5"" hips. She usually wears a standard dress size",Copper-Infused,"Antibacterial ,Fights Odor,May Improve Blood Flow,Durable Fabric",,Swimsuit Bottoms,FULL,Mid Rise,Pull-On,Solid,High Waist,Line Dry or Lay Flat to Dry,Hand Wash,UPF 50+,Bikini Swim Bottoms,Female,Womens,Adult (18 Years and Up),,Pull-On,,,,Full,,,Vacation,size,color
variant-31,Coppersuit - Women's Woven Boardshort Swim Bottom,Coppersuit,"Ride the waves in casual, beach style with these Coppersuit Woven Board Shorts, which will give you a comfortable, laid-back fit. Adjust the waist to your liking with the board short's drawstrings while getting full coverage for your bottom. These unique swim bottoms are designed with copper-infused fabric for antibacterial and odor-control properties to keep you feeling fresh while you stay active all day long. Pair with our Coppersuit Long Sleeve Rash Guard for a stylish, sleek look!",Nylon,Solid,82% COPPER INFUSED NYLON 18% SPANDEX,"Our Model is 5'10 wearing a size medium. She has a 34"" bust, 24"" waist and 35.5"" hips. She usually wears a standard dress size",Copper-Infused,"Antibacterial ,Fights Odor,May Improve Blood Flow,Durable Fabric",,Swimsuit Bottoms,FULL,Regular,Pull-On,Solid,Boy Short,Line Dry or Lay Flat to Dry,Hand Wash,UPF 50+,Swim Shorts,Female,Womens,Adult (18 Years and Up),,Pull-On,,,,Full,,,Vacation,size,color
variant-35,Coppersuit - Women's Swim Swim Short,Coppersuit,"Ride the waves in casual, beach style with these Coppersuit Woven Board Shorts, which will give you a comfortable, laid-back fit. Adjust the waist to your liking with the board short's drawstrings while getting full coverage for your bottom. These unique swim bottoms are designed with copper-infused fabric for antibacterial and odor-control properties to keep you feeling fresh while you stay active all day long. Pair with our Coppersuit Long Sleeve Rash Guard for a stylish, sleek look!",Nylon,Solid,82% COPPER INFUSED NYLON 18% SPANDEX,"Our Model is 5'10 wearing a size medium. She has a 34"" bust, 24"" waist and 35.5"" hips. She usually wears a standard dress size",Copper-Infused,"Antibacterial ,Fights Odor,May Improve Blood Flow,Durable Fabric",,Swimsuit Bottoms,FULL,Regular,Pull-On,Solid,Boy Short,Line Dry or Lay Flat to Dry,Hand Wash,UPF 50+,Swim Shorts,Female,Womens,Adult (18 Years and Up),,Pull-On,,,,Full,,,Vacation,size,color
variant-39,Coppersuit - Women's Paddle Board Capri Pant,Coppersuit,"Get in the sun and enjoy the water with these sleek Coppersuit Paddleboard Pants. Whether you're catching a wave or laying out in the sun, these stylish paddleboard pants are perfect for all your activities, in and out of water. These unique pants are also designed with copper-infused fabric for antibacterial and odor-control properties, keeping you feeling fresh all day long. Match these paddleboard pants with our Coppersuit Banded Halter Swim Bra for a complete look!",Nylon,Solid,82% COPPER INFUSED NYLON 18% SPANDEX,"Our Model is 5'10 wearing a size medium. She has a 34"" bust, 24"" waist and 35.5"" hips. She usually wears a standard dress size",Copper-Infused,"Antibacterial ,Fights Odor,May Improve Blood Flow,Durable Fabric",,Swimsuit Bottoms,FULL,Regular,Pull-On,Solid,Swim Legging,Line Dry or Lay Flat to Dry,Hand Wash,UPF 50+,Swim Pants,Female,Womens,Adult (18 Years and Up),,Pull-On,,,,Full,,,Vacation,size,color
variant-43,CopperControl by Coppersuit - Women's Tummy Control Ruched Swim Bottom,Coppersuit,Feel confident and fabulous in our Copper Control Ruched Bottoms with Tummy Control. These slimming swim bottoms feature a flattering high waist cut and ruched details that will hug your hips in all the best ways. The bottoms are also designed with copper-infused fabric for antibacterial and odor-control properties to keep you feeling fresh all day long at the beach. Mix and match these bottoms with our Copper Control Cross Front Bra for a figure-flattering look!,Nylon,Solid,82% COPPER INFUSED NYLON 18% SPANDEX,"Our Model is 5'10 wearing a size medium. She has a 34"" bust, 24"" waist and 35.5"" hips. She usually wears a standard dress size",Copper-Infused,"Antibacterial ,Fights Odor,May Improve Blood Flow,Durable Fabric",,Swimsuit Bottoms,FULL,Regular,Pull-On,Solid,Brief,Line Dry or Lay Flat to Dry,Hand Wash,UPF 50+,Bikini Swim Bottoms,Female,Womens,Adult (18 Years and Up),,Pull-On,,,,Full,,,Vacation,size,color
variant-47,CopperControl by Coppersuit - Women's Tummy Control Super High Waist Swim Bottom,Coppersuit,"You'll love how these Super High Waist Tummy Control Bottoms fit on your figure. These swim bottoms feature a higher cut waist and tummy control to help you create a flattering shape while providing more coverage and comfort both in and out of the water. Designed with copper-infused fabric for antibacterial and odor-control properties, you'll feel fresh all day. Match these Super High Waist Tummy Control Bottoms with our Copper Control Cross Scarf Hem Tankini!",Nylon,Solid,82% COPPER INFUSED NYLON 18% SPANDEX,"Our Model is 5'10 wearing a size medium. She has a 34"" bust, 24"" waist and 35.5"" hips. She usually wears a standard dress size",Copper-Infused,"Antibacterial ,Fights Odor,May Improve Blood Flow,Durable Fabric",,Swimsuit Bottoms,FULL,Regular,Pull-On,Solid,High Waist,Line Dry or Lay Flat to Dry,Hand Wash,UPF 50+,Bikini Swim Bottoms,Female,Womens,Adult (18 Years and Up),,Pull-On,,,,Full,,,Vacation,size,color
variant-51,"CopperControl by Coppersuit - Women's 5"" Woven Boardshort Swim Bottom",Coppersuit,"You'll love riding the waves in our Copper Control Woven Board Shorts, which come with adjustable drawstring ties to get the perfect fit. These woven board shorts provide full coverage for your bottom as well as sun protection with UPF 50+. The swim shorts are designed with copper-infused fabric for antibacterial and odor-control properties to keep you feeling fresh while staying active all day. Pair with our Copper Control Long Sleeve Rash Guard for a stylish, sleek look!",Nylon,Solid,82% COPPER INFUSED NYLON 18% SPANDEX,"Our Model is 5'10 wearing a size medium. She has a 34"" bust, 24"" waist and 35.5"" hips. She usually wears a standard dress size",Copper-Infused,"Antibacterial ,Fights Odor,May Improve Blood Flow,Durable Fabric",,Swimsuit Bottoms,FULL,Regular,Pull-On,Solid,Boy Short,Line Dry or Lay Flat to Dry,Hand Wash,UPF 50+,Swim Shorts,Female,Womens,Adult (18 Years and Up),,Pull-On,,,,Full,,,Vacation,size,color
variant-55,Coppersuit - Women's Banded Halter Longline Bra Swimsuit Top,Coppersuit,"Our Coppersuit Banded Halter Longline Bra is the ultimate sleek swimwear for the modern, active individual. Offering UPF 50+ protection, this swimsuit bra is designed with copper-infused fabric as well as antibacterial and odor-control properties to keep you feeling fresh all day long. Removable cups and a stylish racerback halter design will give you comfortable and secure support for all your activities in and out of the water. Pair this sleek swim top with any Coppersuit Swim Bottom for a complete look.",Nylon,Solid,82% COPPER INFUSED NYLON 18% SPANDEX,Removable cups,"Our Model is 5'10 wearing a size medium. She has a 34"" bust, 24"" waist and 35.5"" hips. She usually wears a standard dress size",Copper-Infused.,"Antibacterial ,Fights Odor,May Improve Blood Flow,Durable Fabric",Swimsuit Tops,FULL,,,Solid,Longline,Line Dry or Lay Flat to Dry,Hand Wash,UPF 50+,Bikini Swim Tops,Female,Womens,Adult (18 Years and Up),Open,Pullover,,Opaque,Molded Cup,,,,Vacation,size,color
variant-59,Coppersuit - Women's Long Sleeve Rashguard Swimsuit Top,Coppersuit,"Get extra sun protection while staying fresh and stylish with our Coppersuit Long Sleeve Rash Guard. This swimsuit top comes with long sleeves to provide additional coverage for your arms as well as sun protection with UPF 50+. Designed with copper-infused fabric for antibacterial and odor-control properties, these unique swim bottoms will keep you feeling fresh while you stay active all day long. Match this Long Sleeve Rash Guard with our Coppersuit Swim Shorts for a complete look!",Nylon,Solid,82% COPPER INFUSED NYLON 18% SPANDEX,Removable cups,"Our Model is 5'10 wearing a size medium. She has a 34"" bust, 24"" waist and 35.5"" hips. She usually wears a standard dress size",Copper-Infused.,"Antibacterial ,Fights Odor,May Improve Blood Flow,Durable Fabric",Swimsuit Tops,FULL,,,Solid,Rashguard,Line Dry or Lay Flat to Dry,Hand Wash,UPF 50+,Rash Guard Tops,Female,Womens,Adult (18 Years and Up),Open,Pullover,,Opaque,Molded Cup,,,,Vacation,size,color
variant-63,Coppersuit - Women's Short Sleeve Zip Front Rashguard Swimsuit Top,Coppersuit,"Look stylish and ready to hit the water with our Coppersuit Short Sleeve Zip Front Rashguard. An adjustable zip front allows you to choose how you want wear this sleek rashguard, and you'll get extra sun protection with the swimsuit's UPF 50+ sun protection. Designed with copper-infused fabric for antibacterial and odor-control properties, this short sleeve rashguard will keep you fresh and comfortable all day long. Pair this short sleeve zip front rashguard with our Coppersuit Paddleboard Pants for a complete look!",Nylon,Solid,82% COPPER INFUSED NYLON 18% SPANDEX,Removable cups,"Our Model is 5'10 wearing a size medium. She has a 34"" bust, 24"" waist and 35.5"" hips. She usually wears a standard dress size",Copper-Infused.,"Antibacterial ,Fights Odor,May Improve Blood Flow,Durable Fabric",Swimsuit Tops,FULL,,,Solid,Rashguard,Line Dry or Lay Flat to Dry,Hand Wash,UPF 50+,Rash Guard Tops,Female,Womens,Adult (18 Years and Up),Open,Pullover,,Opaque,Molded Cup,,,,Vacation,size,color
variant-67,Coppersuit - Women's Long Sleeve Zip Front Swim Hoodie,Coppersuit,"Get extra coverage and protection for all your time under the sun! Providing UPF 50+ sun protection, our Coppersuit Long Sleeve Zip Front Swim Hoodie is the perfect companion for your active day in the water. Designed with copper-infused fabric for antibacterial and odor-control properties, this adjustable zip front hoodie will keep you fresh and comfortable on your beach day. Pair this long sleeve swim hoodie with our Coppersuit Paddleboard Pants for full, protective coverage from the sun!",Nylon,Solid,82% COPPER INFUSED NYLON 18% SPANDEX,Removable cups,"Our Model is 5'10 wearing a size medium. She has a 34"" bust, 24"" waist and 35.5"" hips. She usually wears a standard dress size",Copper-Infused.,"Antibacterial ,Fights Odor,May Improve Blood Flow,Durable Fabric",Swimsuit Tops,FULL,,,Solid,Rashguard,Line Dry or Lay Flat to Dry,Hand Wash,UPF 50+,Rash Guard Tops,Female,Womens,Adult (18 Years and Up),Open,Pullover,,Opaque,Molded Cup,,,,Vacation,size,color
variant-71,CopperControl by Coppersuit - Women's Cross Front Bra Swimsuit Top,Coppersuit,"You'll love how you feel and look in our Copper Control Cross Front Bra, which will give you a flattering fit. Designed with a stylish cross front design and back tie, this supportive swim bra comes with sewn-in cups and shaping features for a slimming fit. The swim top is also designed with copper-infused fabric for antibacterial and odor-control properties to help you stay fresh all day long. Pair with our Copper Control Tummy Control Swim Bottoms!",Nylon,Solid,82% COPPER INFUSED NYLON 18% SPANDEX,sewn-in cups,"Our Model is 5'10 wearing a size medium. She has a 34"" bust, 24"" waist and 35.5"" hips. She usually wears a standard dress size",Copper-Infused.,"Antibacterial ,Fights Odor,May Improve Blood Flow,Durable Fabric",Swimsuit Tops,FULL,,,Solid,Over the Shoulder,Line Dry or Lay Flat to Dry,Hand Wash,UPF 50+,Bikini Swim Tops,Female,Womens,Adult (18 Years and Up),Open,Pullover,,Opaque,Molded Cup,,,,Vacation,size,color
variant-75,CopperControl by Coppersuit - Women's Cross Front Tankini Swimsuit Top,Coppersuit,"Our Copper Control Cross Front Tankini is an easy breezy swim top designed to make you look and feel great on the beach. This fitted tankini features an eye-catching cross front detail while supportive sewn-in cups give you secure comfort in and out of the water. Designed with copper-infused fabric for antibacterial and odor-control properties, you'll feel fresh and ready for whatever fun comes your way. Pair this Cross Front Tankini with our Copper Control Ruched Bottoms for a figure-flattering beach look!",Nylon,Solid,82% COPPER INFUSED NYLON 18% SPANDEX,sewn-in cups,"Our Model is 5'10 wearing a size medium. She has a 34"" bust, 24"" waist and 35.5"" hips. She usually wears a standard dress size",Copper-Infused.,"Antibacterial ,Fights Odor,May Improve Blood Flow,Durable Fabric",Swimsuit Tops,FULL,,,Solid,Tankini,Line Dry or Lay Flat to Dry,Hand Wash,UPF 50+,Bikini Swim Tops,Female,Womens,Adult (18 Years and Up),Open,Pullover,,Opaque,Molded Cup,,,,Vacation,size,color
variant-79,CopperControl by Coppersuit - Women's Scarf Hem Tankini Swimsuit Top,Coppersuit,"Enjoy the sun in easy breezy style with our Copper Control Cross Scarf Hem Tankini. This tankini features a casual scarf hem design that will flatter your figure, while supportive sewn-in cups give you secure comfort in and out of the water. Designed with copper-infused fabric for antibacterial and odor-control properties, you'll feel fresh and ready for whatever fun comes your way. Match our Scarf Hem Tankini with our Copper Control Ruched Bottoms for fabulous beach look!",Nylon,Solid,82% COPPER INFUSED NYLON 18% SPANDEX,sewn-in cups,"Our Model is 5'10 wearing a size medium. She has a 34"" bust, 24"" waist and 35.5"" hips. She usually wears a standard dress size",Copper-Infused.,"Antibacterial ,Fights Odor,May Improve Blood Flow,Durable Fabric",Swimsuit Tops,FULL,,,Solid,Tankini,Line Dry or Lay Flat to Dry,Hand Wash,UPF 50+,Bikini Swim Tops,Female,Womens,Adult (18 Years and Up),Open,Pullover,,Opaque,Molded Cup,,,,Vacation,size,color
variant-83,CopperControl by Coppersuit - Women's Long Sleeve Rashguard Swimsuit Top,Coppersuit,"Our Copper Control Long Sleeve Rashguard is the perfect choice for any beachgoer who wants more coverage. This rashguard swim top provides UPF 50+ sun protection and a flattering, comfortable fit so you can feel comfortable while you spend all day in the water. Designed with copper-infused fabric for antibacterial and odor-control properties, you'll feel fresh and ready for sun and surf. Pair this rashguard with our Copper Control Super High Waist Tummy Control Bottoms for a complete look!",Nylon,Solid,82% COPPER INFUSED NYLON 18% SPANDEX,Removable cups,"Our Model is 5'10 wearing a size medium. She has a 34"" bust, 24"" waist and 35.5"" hips. She usually wears a standard dress size",Copper-Infused.,"Antibacterial ,Fights Odor,May Improve Blood Flow,Durable Fabric",Swimsuit Tops,FULL,,,Solid,Rashguard,Line Dry or Lay Flat to Dry,Hand Wash,UPF 50+,Rash Guard Tops,Female,Womens,Adult (18 Years and Up),Open,Pullover,,Opaque,Molded Cup,,,,Vacation,size,color
variant-85,CopperControl by Coppersuit - Women's Tummy Control Convertible Swim Dress,Coppersuit,"Our Copper Control Swim Dress with Tummy Control is an eye-catching one piece that will impress at the beach or pool. This swim dress with v-neck cut will flatter and show off your neckline, while tummy control features provide a flattering fit for your figure. Designed with copper-infused fabric for antibacterial and odor-control properties, you'll feel fresh all day. For a complete beach day look, pair this Swim Dress with any swimsuit Cover Up!",Nylon,Solid,82% COPPER INFUSED NYLON 18% SPANDEX,"Our Model is 5'10 wearing a size medium. She has a 34"" bust, 24"" waist and 35.5"" hips. She usually wears a standard dress size",Copper-Infused,"Antibacterial ,Fights Odor,May Improve Blood Flow,Durable Fabric",sewn-in cups,One Piece Swimsuits New,FULL,,,Solid,Dress,Line Dry or Lay Flat to Dry,Hand Wash,UPF 50+,One Piece Swimsuits,Female,Womens,Adult (18 Years and Up),open,Pull-On,Sleeveless,,,Full,Bathing Suits,,Vacation,size,color
variant-90,CopperControl by Coppersuit - Women's Tummy Control Convertible Cross Front One Piece Swimsuit,Coppersuit,"Feel confident and show off your figure with our Copper Control Cross Front One Piece with Tummy Control. This flattering one piece swimsuit is designed with a stylish cross back design and sewn-in cups for a secure fit. Tummy control features will hug your silhouette and shape your curves, giving you a smooth and comfortable fit. The one piece is also designed with copper-infused fabric for antibacterial and odor-control properties so you'll feel fresh all day.",Nylon,Solid,82% COPPER INFUSED NYLON 18% SPANDEX,"Our Model is 5'10 wearing a size medium. She has a 34"" bust, 24"" waist and 35.5"" hips. She usually wears a standard dress size",Copper-Infused,"Antibacterial ,Fights Odor,May Improve Blood Flow,Durable Fabric",sewn-in cups,One Piece Swimsuits New,FULL,,,Solid,Bandeau,Line Dry or Lay Flat to Dry,Hand Wash,UPF 50+,One Piece Swimsuits,Female,Womens,Adult (18 Years and Up),open,Pull-On,Sleeveless,,,Full,Bathing Suits,,Vacation,size,color
variant-95,CopperControl by Coppersuit - Women's Tummy Control Skirted Swim Bottom,Coppersuit,"Our Copper Control Skirted Swim Bottom will help you look and feel your best, whether at the beach or at the pool. This flattering swim skirt has tummy control features to show off your figure and a side slit for ease of movement and comfort. Designed with copper-infused fabric for antibacterial and odor-control properties, you'll feel fresh and ready wherever you are. Pair this swim skirt with our Copper Control Cross Front Bra!",Nylon,Solid,82% COPPER INFUSED NYLON 18% SPANDEX,"Our Model is 5'10 wearing a size medium. She has a 34"" bust, 24"" waist and 35.5"" hips. She usually wears a standard dress size",Copper-Infused,"Antibacterial ,Fights Odor,May Improve Blood Flow,Durable Fabric",,Swimsuit Bottoms,FULL,Regular,Pull-On,Solid,Skirt,Line Dry or Lay Flat to Dry,Hand Wash,UPF 50+,Swim Skirts,Female,Womens,Adult (18 Years and Up),,Pull-On,,,,Full,,,Vacation,size,color
variant-96,Coppersuit Women's Barbados Bloom Zip Front Rashguard One Piece Swimsuit,Coppersuit,"Enjoy sun and surf in our colorful Long Raglan Sleeve One Piece. This long sleeve rashguard swimsuit is designed with a bright, floral print, and is perfectly tailored for active water enthusiasts. Removable cups and long sleeves give added protection and coverage. The copper-infused fabric provides anti-bacterial and anti-odor benefits, but also UPF 50+ protective features. Ideal for those who love being active in the water, this one piece offers both comfort and protection for all-day freshness.",Nylon,Floral,"Our Model is 5'9 1/2"" wearing a size small. Her bust is 30"", waist is 24"", hips are 35 1/2"".",82% Copper Infused Nylon 18% Spandex,Removable Cups,Heat Transfer Logo At Center Back Neck,Black Zipper W/ Coppersuit Zipper Pull,One Piece Swimsuits New,FULL,,,Botanical,One Piece Rash Guard,Line Dry or Lay Flat to Dry,Hand Wash,UPF 50+,One Piece Swimsuits,Female,Womens,Adult (18 Years and Up),Open,Pull-On,Long Sleeve,,,Full,Bathing Suits,Full Lining,Vacation,size,color
variant-101,Coppersuit Women's Colorblock Zip Front Rashguard One Piece Swimsuit,Coppersuit,Add a bright pop of color to your beach day in our Long Raglan Sleeve One Piece. This sleek one piece swimsuit comes with removable cups and long sleeves for added protection and coverage. The copper-infused fabric provides anti-bacterial and anti-odor benefits as well as UPF 50+ protective features so you can spend all day in the sun and still feel fresh. You'll be ready for a summer of surf and sand with this swimsuit!,Nylon,Color Block,"Our Model is 5'9 1/2"" wearing a size small. Her bust is 30"", waist is 24"", hips are 35 1/2"".",82% Copper Infused Nylon 18% Spandex,Removable Cups,Heat Transfer Logo At Center Back Neck,Black Zipper W/ Coppersuit Zipper Pull,One Piece Swimsuits New,FULL,,,Textile Designs,One Piece Rash Guard,Line Dry or Lay Flat to Dry,Hand Wash,UPF 50+,One Piece Swimsuits,Female,Womens,Adult (18 Years and Up),Open,Pull-On,Long Sleeve,,,Full,Bathing Suits,Full Lining,Vacation,size,color
variant-106,Coppersuit Women's Barbados Bloom Lace Up Compression One Piece Swimsuit,Coppersuit,"Feel fresh and beach ready in our vibrant Lace Up Compression Suit. This sleeveless V-neck one piece with a vibrant floral print is designed for women who want to enjoy the water in style. The copper-infused fabric carries anti-bacterial and anti-odor benefits, providing a fresh feel throughout the day. With removable cups and UPF 50+ protective features, this one piece swimsuit offers unmatched support and protection. Pack this swimsuit on your next beach vacation!",Nylon,Floral,"Our Model is 5'9 1/2"" wearing a size small. Her bust is 30"", waist is 24"", hips are 35 1/2"".",82% Copper Infused Nylon 18% Spandex,Removable Cups,Heat Transfer Logo At Center Back Neck,,One Piece Swimsuits New,FULL,,,Botanical,Over the Shoulder,Line Dry or Lay Flat to Dry,Hand Wash,UPF 50+,One Piece Swimsuits,Female,Womens,Adult (18 Years and Up),Open,Pull-On,Sleeveless,,,Full,Bathing Suits,Full Lining,Vacation,size,color
variant-111,Coppersuit Women's Solid Lace Up Compression One Piece Swimsuit,Coppersuit,"Enjoy the beach all season long in our Lace Up Compression Suit. This sleeveless V-neck swimsuit combines chic solid color with innovative features such as copper-infused fabric, which has anti-bacterial and anti-odor properties to ensure you feel fresh all day on your water adventures. The swimsuit also has UPF 50+ rating and removable cups for support and sun protection. Flaunt your figure with confidence and style this season in this Lace Up Compression Suit!",Nylon,Solid,"Our Model is 5'9 1/2"" wearing a size small. Her bust is 30"", waist is 24"", hips are 35 1/2"".",82% Copper Infused Nylon 18% Spandex,Removable Cups,Heat Transfer Logo At Center Back Neck,,One Piece Swimsuits New,FULL,,,Solid,Over the Shoulder,Line Dry or Lay Flat to Dry,Hand Wash,UPF 50+,One Piece Swimsuits,Female,Womens,Adult (18 Years and Up),Open,Pull-On,Sleeveless,,,Full,Bathing Suits,Full Lining,Vacation,size,color
variant-116,Coppersuit Women's Solid Piped Contour One Piece Swimsuit,Coppersuit,"Flaunt your best features this summer in our V-Neck Adjustable Open Back One Piece. This one piece swimsuit features removable cups to offer customizable support, while the copper-infused fabric provides anti-bacterial and anti-odor benefits, keeping you fresh all season long. With a UPF 50+ rating, this solid color swimsuit also provides protection from harmful sun rays. The adjustable open back adds an additional a stylish touch, making this swimsuit perfect for an active day at the beach.",Nylon,Solid,"Our Model is 5'9 1/2"" wearing a size small. Her bust is 30"", waist is 24"", hips are 35 1/2"".",82% Copper Infused Nylon 18% Spandex,Removable Cups,Heat Transfer Logo At Center Back Neck,,One Piece Swimsuits New,FULL,,,Solid,Over the Shoulder,Line Dry or Lay Flat to Dry,Hand Wash,UPF 50+,One Piece Swimsuits,Female,Womens,Adult (18 Years and Up),Open,Pull-On,Sleeveless,,,Full,Bathing Suits,Full Lining,Vacation,size,color
variant-121,Coppersuit Women's Optical Illusion Zip Front One Piece Swimsuit,Coppersuit,"Radiate beach glamour in our Zip Front High Neck One Piece. Offering UPF 50+ rating, this one piece swimsuit is designed with copper-infused fabric as well as anti-bacterial and odor-control properties to keep you feeling fresh all day long. Removable cups and the zipper at center front will give you comfortable and secure support for all your activities in and out of the water. You'll surely radiate elegance in every wave with this swimsuit!",Nylon,Abstract,"Our Model is 5'9 1/2"" wearing a size small. Her bust is 30"", waist is 24"", hips are 35 1/2"".",82% Copper Infused Nylon 18% Spandex,Removable Cups,Zipper At Center Front,,One Piece Swimsuits New,FULL,,,Abstract,Over the Shoulder,Line Dry or Lay Flat to Dry,Hand Wash,UPF 50+,One Piece Swimsuits,Female,Womens,Adult (18 Years and Up),Open,Pull-On,Sleeveless,,,Full,Bathing Suits,Full Lining,Vacation,size,color
variant-126,Coppersuit Women's Colorblock Zip Front One Piece Swimsuit,Coppersuit,"Go on your water adventures in style in our Zip Front One Piece Swimsuit. This sporty one piece swimsuit has a front zipper at its center and is designed with copper-infused fabric with anti-bacterial and odor-control features, providing all-day freshness in and out of the water. The zip front design provides adjustable style, while removable cups provide secure, adjustable support for an active day in the water. Step up your swimwear game with this stylish and functional one piece swimsuit!",Nylon,Color Block,"Our Model is 5'9 1/2"" wearing a size small. Her bust is 30"", waist is 24"", hips are 35 1/2"".",82% Copper Infused Nylon 18% Spandex,Removable Cups,Zipper At Center Front,,One Piece Swimsuits New,FULL,,,Textile Designs,Over the Shoulder,Line Dry or Lay Flat to Dry,Hand Wash,UPF 50+,One Piece Swimsuits,Female,Womens,Adult (18 Years and Up),Open,Pull-On,Sleeveless,,,Full,Bathing Suits,Full Lining,Vacation,size,color
variant-131,Coppersuit Women's Optical Illusion Piped Keyhole One Piece Swimsuit,Coppersuit,"Step into summer in our Keyhole One Piece swimsuit. This black and white one piece swimsuit offers a flattering silhouette featuring removable cups, boning, and casing for additional support and shaping. Designed with copper-infused fabric which has anti-bacterial and anti-odor benefits, this one piece will keep you fresh all day long. With a UPF 50+ rating, you'll also get additional protection from the sun while playing in the water. Pack this stylish one piece swimsuit on your next vacation!",Nylon,Abstract,"Our Model is 5'9 1/2"" wearing a size small. Her bust is 30"", waist is 24"", hips are 35 1/2"".",82% Copper Infused Nylon 18% Spandex,Removable Cups,Boning and Casing,"3/4"" Copper Metal S-Hook",One Piece Swimsuits New,FULL,,,Abstract,Over the Shoulder,Line Dry or Lay Flat to Dry,Hand Wash,UPF 50+,One Piece Swimsuits,Female,Womens,Adult (18 Years and Up),Open,Pull-On,Sleeveless,,,Full,Bathing Suits,Full Lining,Vacation,size,color
variant-136,Coppersuit Women's Solid Piped Keyhole One Piece Swimsuit,Coppersuit,"Step into summer in our Keyhole One Piece swimsuit. This black and white one piece swimsuit offers a flattering silhouette featuring removable cups, boning, and casing for additional support and shaping. Designed with copper-infused fabric which has anti-bacterial and anti-odor benefits, this one piece will keep you fresh all day long. With a UPF 50+ rating, you'll also get additional protection from the sun while playing in the water. Pack this stylish one piece swimsuit on your next vacation!",Nylon,Solid,"Our Model is 5'9 1/2"" wearing a size small. Her bust is 30"", waist is 24"", hips are 35 1/2"".",82% Copper Infused Nylon 18% Spandex,Removable Cups,Boning and Casing,"3/4"" Copper Metal S-Hook",One Piece Swimsuits New,FULL,,,Solid,Over the Shoulder,Line Dry or Lay Flat to Dry,Hand Wash,UPF 50+,One Piece Swimsuits,Female,Womens,Adult (18 Years and Up),Open,Pull-On,Sleeveless,,,Full,Bathing Suits,Full Lining,Vacation,size,color
variant-141,Coppersuit Women's Solid Athletic Swim Dress,Coppersuit,"Feel stylish and feminine in our High Neck Zip Front Swim Dress. This solid color swim dress is designed with a chic high neck cut and a convenient front zipper at its center. The swimsuit removable cups also provide customizable support while copper-infused fabric offers anti-bacterial and anti-odor benefits for lasting freshness on your beach day. With a UPF 50+ rating, this swim dress will also provide sun protection. Enjoy an active beach day in style and comfort with this swim dress.",Nylon,Solid,"Our Model is 5'9 1/2"" wearing a size small. Her bust is 30"", waist is 24"", hips are 35 1/2"".",Heat Transfer Logo At Center Back Neck,Removable Cups,Zipper W/ Coppersuit Zipper Pull,,One Piece Swimsuits New,FULL,,,Solid,Over the Shoulder,Line Dry or Lay Flat to Dry,Hand Wash,UPF 50+,One Piece Swimsuits,Female,Womens,Adult (18 Years and Up),Open,Pull-On,Sleeveless,,,Full,Bathing Suits,Full Lining,Vacation,size,color
variant-144,Coppersuit Women's Colorblock Bikini Swim Bottom,Coppersuit,"Make a bold statement with our Solid Color Basic Bottoms, designed to showcase your style while you spend your day in the water. These colorful sleek bottoms are designed with copper-infused fabric that provide anti-bacterial and anti-odor benefits. With its UPF 50+ rating, you can play under the sun while getting protection. Strut along the shore with confidence and dive into fun-filled beach days in this flattering swimsuit bottom. Pair these bottoms with our matching swim top for a complete look.",Nylon,Color Block,"Our Model is 5'9 1/2"" wearing a size small. Her bust is 30"", waist is 24"", hips are 35 1/2"".",82% Copper Infused Nylon 18% Spandex,Heat Transfer Logo At Center Back,,,Swimsuit Bottoms,FULL,High Rise,Pull-On,Abstract,High Waist,Line Dry or Lay Flat to Dry,Hand Wash,UPF 50+,Bikini Swim Bottoms,Female,Womens,Adult (18 Years and Up),,,,,,Full,Bathing Suits,Full Lining,Vacation,size,color
variant-149,Coppersuit Women's Optical Illusion High Waist Swim Bottom,Coppersuit,"Step into the summer with our High Waisted Swim Bottoms, which will deliver elegant style all summer long. Made from copper-infused fabric, these swim bottoms have anti-bacterial and odor-control properties, ensuring lasting freshness during your active beach days. These swim bottom will flatter your hips and provide a perfect fit that embraces your curves. The sun will be the last thing you'll worry about with this bottom's UPF 50+ rating. Pair these banded swim bottoms with our matching swim top for a complete summer look!",Nylon,Color Block,"Our Model is 5'9 1/2"" wearing a size small. Her bust is 30"", waist is 24"", hips are 35 1/2"".",82% Copper Infused Nylon 18% Spandex,Heat Transfer Logo At Center Back,,,Swimsuit Bottoms,FULL,High Rise,Pull-On,Abstract,High Waist,Line Dry or Lay Flat to Dry,Hand Wash,UPF 50+,Bikini Swim Bottoms,Female,Womens,Adult (18 Years and Up),,,,,,Full,Bathing Suits,Full Lining,Vacation,size,color
variant-154,Coppersuit Women's Colorblock High Waist Swim Bottom,Coppersuit,"Radiate summer style with our High Waisted Swim Bottoms and get a sleek and chic beach look. Designed from copper-infused fabric, these swim bottoms have anti-bacterial and odor-control properties, ensuring freshness on your active beach days. The swim bottoms will flatter your hips and provide a comfortable fit that also accentuates your silhouette. These bottoms also come with UPF 50+ sun protection to protect you from harmful UV rays. Pair these bottoms with our matching swim top for a complete look!",Nylon,Color Block,"Our Model is 5'9 1/2"" wearing a size small. Her bust is 30"", waist is 24"", hips are 35 1/2"".",82% Copper Infused Nylon 18% Spandex,Heat Transfer Logo At Center Back,,,Swimsuit Bottoms,FULL,High Rise,Pull-On,Abstract,High Waist,Line Dry or Lay Flat to Dry,Hand Wash,UPF 50+,Bikini Swim Bottoms,Female,Womens,Adult (18 Years and Up),,,,,,Full,Bathing Suits,Full Lining,Vacation,size,color
variant-159,Coppersuit Women's Optical Illusion Basic Bikini Swim Bottom,Coppersuit,"Our Basic Bottoms will be your perfect companion for your active beach adventures. Designed from copper-infused fabric, these swim bottoms have anti-bacterial and odor-control properties, ensuring freshness on your active beach days. The swim bottoms will flatter your hips and provide a comfortable fit that also accentuates your silhouette. These bottoms also come with UPF 50+ sun protection to protect you from harmful UV rays. Pair these bottoms with our matching swim top for a complete look!",Nylon,Color Block,"Our Model is 5'9 1/2"" wearing a size small. Her bust is 30"", waist is 24"", hips are 35 1/2"".",82% Copper Infused Nylon 18% Spandex,Heat Transfer Logo At Center Back,,,Swimsuit Bottoms,FULL,Regular,Pull-On,Abstract,Hipster,Line Dry or Lay Flat to Dry,Hand Wash,UPF 50+,Bikini Swim Bottoms,Female,Womens,Adult (18 Years and Up),,,,,,Full,Bathing Suits,Full Lining,Vacation,size,color
variant-164,Coppersuit Women's Solid Basic Bikini Swim Bottom,Coppersuit,"Enjoy the summer with our Basic Bottom and look sophisticated at the beach all season long. Made from copper-infused fabric, these swim bottoms have anti-bacterial and odor-control properties, ensuring lasting freshness during your active beach days. These swim bottoms will flatter your hips while providing moderate coverage and sun protection from its UPF 50+ rating. Pair these swim bottoms with our matching Banded V-Neck Longline Bra for a complete summer look!",Nylon,Solid,"Our Model is 5'9 1/2"" wearing a size small. Her bust is 30"", waist is 24"", hips are 35 1/2"".",82% Copper Infused Nylon 18% Spandex,Heat Transfer Logo At Center Back,,,Swimsuit Bottoms,FULL,Regular,Pull-On,Solid,Hipster,Line Dry or Lay Flat to Dry,Hand Wash,UPF 50+,Bikini Swim Bottoms,Female,Womens,Adult (18 Years and Up),,,,,,Full,Bathing Suits,Full Lining,Vacation,size,color
variant-169,Coppersuit Women's Barbados Bloom Ruched Waist Boy Short Swim Bottom,Coppersuit,"Our Boy Short swim bottoms will be a lively addition to your beach wardrobe. The bottoms feature a colorful floral print to add a pop of color into your beachside style. Crafted from copper-infused fabric, it ensures anti-bacterial and anti-odor benefits for lasting freshness. Designed with copper-infused fabric, the swimsuit offers anti-bacterial and anti-odor benefits for lasting freshness on your beach day. With a UPF 50+ rating, this swim skirt is also your shield against the sun's rays. Pair these bottoms with our matching tankini for a complete look.",Nylon,Floral,"Our Model is 5'9 1/2"" wearing a size small. Her bust is 30"", waist is 24"", hips are 35 1/2"".",82% Copper Infused Nylon 18% Spandex,Heat Transfer Logo At Center Back,,,Swimsuit Bottoms,FULL,Regular,Pull-On,Botanical,Short,Line Dry or Lay Flat to Dry,Hand Wash,UPF 50+,Swim Shorts,Female,Womens,Adult (18 Years and Up),,,,,,Full,Bathing Suits,Full Lining,Vacation,size,color
variant-174,Coppersuit Women's Solid Ruched Waist Boy Short Swim Bottom,Coppersuit,"Refresh your beachwear collection with our versatile Boy Short swimsuit—a great addition to your swim wardrobe. Designed from copper-infused fabric, these swim shorts provide anti-bacterial and anti-odor benefits, ensuring all-day lasting freshness so you can wear them all season long. The Boy Short cut provides comfortable moderate coverage, allowing you to move carefree in all your water activities. With UPF 50+ rating, enjoy worry-free sun-soaked days. Pair these swimsuit bottoms with a matching swim top for a complete look!",Nylon,Solid,"Our Model is 5'9 1/2"" wearing a size small. Her bust is 30"", waist is 24"", hips are 35 1/2"".",82% Copper Infused Nylon 18% Spandex,Heat Transfer Logo At Center Back,,,Swimsuit Bottoms,FULL,Regular,Pull-On,Solid,Short,Line Dry or Lay Flat to Dry,Hand Wash,UPF 50+,Swim Shorts,Female,Womens,Adult (18 Years and Up),,,,,,Full,Bathing Suits,Full Lining,Vacation,size,color
variant-179,Coppersuit Women's Solid Hidden Short Active Skirt,Coppersuit,"You'll love spending the day in the water with our Swim Skirt. This chic swim bottom comes in various solid hues and features a sleek design for a comfortable fit. Designed with copper-infused fabric, the swimsuit offers anti-bacterial and anti-odor benefits for lasting freshness on your beach day. With a UPF 50+ rating, this swim skirt is also your shield against the sun's rays. Tailored for the modern, active woman, this chic swim skirt is your perfect swim companion on all your water adventures!",Nylon,Solid,"Our Model is 5'9 1/2"" wearing a size small. Her bust is 30"", waist is 24"", hips are 35 1/2"".",82% Copper Infused Nylon 18% Spandex,Heat Transfer Logo At Center Back,,,Swimsuit Bottoms,FULL,Regular,Pull-On,Solid,Skirt,Line Dry or Lay Flat to Dry,Hand Wash,UPF 50+,Swim Skirts,Female,Womens,Adult (18 Years and Up),,,,,,Full,Bathing Suits,Full Lining,Vacation,size,color
variant-184,Coppersuit Women's Colorblock Bandeau Bra Swim Top,Coppersuit,"Add a pop of color to your beach day in our Solid Color Block Bandeau. This swim top will create a flattering silhouette with its removable cups, boning, and casing. Made from copper-infused fabric, it offers anti-bacterial and anti-odor benefits, creating lasting freshness both in and out of the water. With a UPF 50+ rating, this swimsuit also provides sun protection. No matter where you go, you'll shine bright with confidence at the beach this season.",Nylon,Color Block,"Our Model is 5'9 1/2"" wearing a size small. Her bust is 30"", waist is 24"", hips are 35 1/2"".",82% Copper Infused Nylon 18% Spandex,Removable Cups,Boning and Casing,"1/2"" Copper Metal Ring & Slider",Swimsuit Tops,FULL,,,Abstract,Over the Shoulder,Line Dry or Lay Flat to Dry,Hand Wash,UPF 50+,Bikini Swim Tops,Female,Womens,Adult (18 Years and Up),Gathered,Pullover,,Opaque,Padded Cup,,Bathing Suits,Full Lining,Vacation,size,color
variant-189,Coppersuit Women's Optical Illusion Zip Longline Bra Swim Top,Coppersuit,"You'll love how you look in our Zip Front Bra swim top, showcasing a captivating black and white floral print. The zipper at the center front creates a secure fit while removable cups provide customizable support. Created with copper-infused fabric, this top offers anti-bacterial and anti-odor benefits, ensuring all-day freshness. The sun will be the last thing you'll worry about with this top's UPF 50+ rating. Pair this zip front swim bra with our matching banded swim bottom for a complete look",Nylon,Abstract,"Our Model is 5'9 1/2"" wearing a size small. Her bust is 30"", waist is 24"", hips are 35 1/2"".",82% Copper Infused Nylon 18% Spandex,Removable Cups,Boning and Casing,"1/2"" Copper Metal Ring & Slider",Swimsuit Tops,FULL,,,Abstract,Over the Shoulder,Line Dry or Lay Flat to Dry,Hand Wash,UPF 50+,Bikini Swim Tops,Female,Womens,Adult (18 Years and Up),Gathered,Pullover,,Opaque,Padded Cup,,Bathing Suits,Full Lining,Vacation,size,color
variant-194,Coppersuit Women's Colorblock Zip Longline Bra Swim Top,Coppersuit,"Show off in confident beach style with our Zip Front Bra Swimsuit, featured in a number of eye catching colors. This swim top has a zipper at the center front and customizable support from removable cups. Designed with copper-infused fabric, this swimsuit ensures lasting freshness from anti-bacterial and anti-odor benefits. The UPF 50+ rating also provides additional sun protection, allowing you to focus on enjoying your time in the water. Pair this swim top with our matching swim bottom for a complete look!",Nylon,Color Block,"Our Model is 5'9 1/2"" wearing a size small. Her bust is 30"", waist is 24"", hips are 35 1/2"".",82% Copper Infused Nylon 18% Spandex,Removable Cups,Boning and Casing,"1/2"" Copper Metal Ring & Slider",Swimsuit Tops,FULL,,,Abstract,Over the Shoulder,Line Dry or Lay Flat to Dry,Hand Wash,UPF 50+,Bikini Swim Tops,Female,Womens,Adult (18 Years and Up),Gathered,Pullover,,Opaque,Padded Cup,,Bathing Suits,Full Lining,Vacation,size,color
variant-199,Coppersuit Women's Optical Illusion Halter Banded Bra Swim Top,Coppersuit,"Designed for days spent out in the water, our Banded Halter Bra Swim Top will be your go-to for pool and beach activities. The swim top features a floral print and has removable cups to offer a secure and comfortable fit. Designed with copper-infused fabric, this top provides anti-bacterial and anti-odor benefits for lasting freshness during active beach days. You'll also get sun protection with its UPF 50+ rating. Pair this with our matching swim bottom for a complete look!",Nylon,Abstract,"Our Model is 5'9 1/2"" wearing a size small. Her bust is 30"", waist is 24"", hips are 35 1/2"".",82% Copper Infused Nylon 18% Spandex,Removable Cups,Heat Transfer Logo At Left Back Wing,,Swimsuit Tops,FULL,,,Abstract,Over the Shoulder,Line Dry or Lay Flat to Dry,Hand Wash,UPF 50+,Bikini Swim Tops,Female,Womens,Adult (18 Years and Up),Gathered,Pullover,,Opaque,Padded Cup,,Bathing Suits,Full Lining,Vacation,size,color
variant-204,Coppersuit Women's Solid Halter Banded Bra Swim Top,Coppersuit,"Our Banded Halter Bra Swim Top will be your favorite companion for any pool and beach activities. Designed for days spent out in the water, the swim top is designed with removable cups to offer a secure and comfortable fit. Made with copper-infused fabric, this top provides anti-bacterial and anti-odor benefits for lasting freshness during active beach days. You'll also get sun protection with its UPF 50+ rating. Pair this with our matching swim bottom for a complete look!",Nylon,Solid,"Our Model is 5'9 1/2"" wearing a size small. Her bust is 30"", waist is 24"", hips are 35 1/2"".",82% Copper Infused Nylon 18% Spandex,Removable Cups,Heat Transfer Logo At Left Back Wing,,Swimsuit Tops,FULL,,,Solid,Over the Shoulder,Line Dry or Lay Flat to Dry,Hand Wash,UPF 50+,Bikini Swim Tops,Female,Womens,Adult (18 Years and Up),Gathered,Pullover,,Opaque,Padded Cup,,Bathing Suits,Full Lining,Vacation,size,color
variant-209,Coppersuit Women's Barbados Bloom Cutout Twist Tankini Swim Top,Coppersuit,"You'll enjoy all your water activities with confidence in our Cut Out Tankini. Tailored for active days in the water, this tankini features a colorful floral pattern that adds vibrancy to your beach style. Removable cups, boning, and casing create additional shape and a secure customizable fit. Copper-infused fabric provides anti-bacterial and anti-odor benefits ensuring an all-day fresh feel. The tankini also comes with UPF 50+ sun protection to protect you from harmful UV rays. Pair this tankini with our matching swim top for a complete look!",Nylon,Floral,"Our Model is 5'9 1/2"" wearing a size small. Her bust is 30"", waist is 24"", hips are 35 1/2"".",82% Copper Infused Nylon 18% Spandex,Removable Cups,Boning and Casing,,Swimsuit Tops,FULL,,,Botanical,Over the Shoulder,Line Dry or Lay Flat to Dry,Hand Wash,UPF 50+,Bikini Swim Tops,Female,Womens,Adult (18 Years and Up),Gathered,Pullover,,Opaque,Padded Cup,,Bathing Suits,Full Lining,Vacation,size,color
variant-214,Coppersuit Women's Solid Cutout Twist Tankini Swim Top,Coppersuit,"Enjoy the surf and sand with confidence in our Cut Out Tankini. Tailored for active days in the water, this tankini features bold solid color to add vibrancy to your beach style. Removable cups, boning, and casing create additional shape and a secure customizable fit. Copper-infused fabric provides anti-bacterial and anti-odor benefits ensuring an all-day fresh feel. The tankini also comes with UPF 50+ sun protection to protect you from harmful UV rays. Pair this tankini with our matching swim top for a complete look!",Nylon,Solid,"Our Model is 5'9 1/2"" wearing a size small. Her bust is 30"", waist is 24"", hips are 35 1/2"".",82% Copper Infused Nylon 18% Spandex,Removable Cups,Boning and Casing,,Swimsuit Tops,FULL,,,Solid,Over the Shoulder,Line Dry or Lay Flat to Dry,Hand Wash,UPF 50+,Bikini Swim Tops,Female,Womens,Adult (18 Years and Up),Gathered,Pullover,,Opaque,Padded Cup,,Bathing Suits,Full Lining,Vacation,size,color
