sku,fields.target_posting_template,fields.target_listing_action,pts
variant-7,One Piece Swimsuits New,FULL,One Piece Swimsuits New
variant-11,One Piece Swimsuits New,FULL,One Piece Swimsuits New
variant-15,One Piece Swimsuits New,FULL,One Piece Swimsuits New
variant-19,One Piece Swimsuits New,FULL,One Piece Swimsuits New
variant-23,One Piece Swimsuits New,FULL,One Piece Swimsuits New
variant-27,Swimsuit Bottoms,FULL,Swimsuit Bottoms
variant-31,Swimsuit Bottoms,FULL,Swimsuit Bottoms
variant-35,Swimsuit Bottoms,FULL,Swimsuit Bottoms
variant-39,Swimsuit Bottoms,FULL,Swimsuit Bottoms
variant-43,Swimsuit Bottoms,FULL,Swimsuit Bottoms
variant-47,Swimsuit Bottoms,FULL,Swimsuit Bottoms
variant-51,Swimsuit Bottoms,FULL,Swimsuit Bottoms
variant-55,Swimsuit Tops,FULL,Swimsuit Tops
variant-59,Swimsuit Tops,FULL,Swimsuit Tops
variant-63,Swimsuit Tops,FULL,Swimsuit Tops
variant-67,Swimsuit Tops,FULL,Swimsuit Tops
variant-71,Swimsuit Tops,FULL,Swimsuit Tops
variant-75,Swimsuit Tops,FULL,Swimsuit Tops
variant-79,Swimsuit Tops,FULL,Swimsuit Tops
variant-83,Swimsuit Tops,FULL,Swimsuit Tops
variant-85,One Piece Swimsuits New,FULL,One Piece Swimsuits New
variant-90,One Piece Swimsuits New,FULL,One Piece Swimsuits New
variant-95,Swimsuit Bottoms,FULL,Swimsuit Bottoms
variant-96,One Piece Swimsuits New,FULL,One Piece Swimsuits New
variant-101,One Piece Swimsuits New,FULL,One Piece Swimsuits New
variant-106,One Piece Swimsuits New,FULL,One Piece Swimsuits New
variant-111,One Piece Swimsuits New,FULL,One Piece Swimsuits New
variant-116,One Piece Swimsuits New,FULL,One Piece Swimsuits New
variant-121,One Piece Swimsuits New,FULL,One Piece Swimsuits New
variant-126,One Piece Swimsuits New,FULL,One Piece Swimsuits New
variant-131,One Piece Swimsuits New,FULL,One Piece Swimsuits New
variant-136,One Piece Swimsuits New,FULL,One Piece Swimsuits New
variant-141,One Piece Swimsuits New,FULL,One Piece Swimsuits New
variant-144,Swimsuit Bottoms,FULL,Swimsuit Bottoms
variant-149,Swimsuit Bottoms,FULL,Swimsuit Bottoms
variant-154,Swimsuit Bottoms,FULL,Swimsuit Bottoms
variant-159,Swimsuit Bottoms,FULL,Swimsuit Bottoms
variant-164,Swimsuit Bottoms,FULL,Swimsuit Bottoms
variant-169,Swimsuit Bottoms,FULL,Swimsuit Bottoms
variant-174,Swimsuit Bottoms,FULL,Swimsuit Bottoms
variant-179,Swimsuit Bottoms,FULL,Swimsuit Bottoms
variant-184,Swimsuit Tops,FULL,Swimsuit Tops
variant-189,Swimsuit Tops,FULL,Swimsuit Tops
variant-194,Swimsuit Tops,FULL,Swimsuit Tops
variant-199,Swimsuit Tops,FULL,Swimsuit Tops
variant-204,Swimsuit Tops,FULL,Swimsuit Tops
variant-209,Swimsuit Tops,FULL,Swimsuit Tops
variant-214,Swimsuit Tops,FULL,Swimsuit Tops
CSO001-BLK-S,One Piece Swimsuits New,FULL,One Piece Swimsuits New
CSO001-MIDN-S,One Piece Swimsuits New,FULL,One Piece Swimsuits New
CSO001-MERL-S,One Piece Swimsuits New,FULL,One Piece Swimsuits New
CSO001-BLK-M,One Piece Swimsuits New,FULL,One Piece Swimsuits New
CSO001-MIDN-M,One Piece Swimsuits New,FULL,One Piece Swimsuits New
CSO001-MERL-M,One Piece Swimsuits New,FULL,One Piece Swimsuits New
CSO001-BLK-L,One Piece Swimsuits New,FULL,One Piece Swimsuits New
CSO001-MIDN-L,One Piece Swimsuits New,FULL,One Piece Swimsuits New
CSO001-MERL-L,One Piece Swimsuits New,FULL,One Piece Swimsuits New
CSO001-BLK-XL,One Piece Swimsuits New,FULL,One Piece Swimsuits New
CSO001-MIDN-XL,One Piece Swimsuits New,FULL,One Piece Swimsuits New
CSO001-MERL-XL,One Piece Swimsuits New,FULL,One Piece Swimsuits New
CSO003-BLK-S,One Piece Swimsuits New,FULL,One Piece Swimsuits New
CSO003-MIDN-S,One Piece Swimsuits New,FULL,One Piece Swimsuits New
CSO003-MERL-S,One Piece Swimsuits New,FULL,One Piece Swimsuits New
CSO003-BLK-M,One Piece Swimsuits New,FULL,One Piece Swimsuits New
CSO003-MIDN-M,One Piece Swimsuits New,FULL,One Piece Swimsuits New
CSO003-MERL-M,One Piece Swimsuits New,FULL,One Piece Swimsuits New
CSO003-BLK-L,One Piece Swimsuits New,FULL,One Piece Swimsuits New
CSO003-MIDN-L,One Piece Swimsuits New,FULL,One Piece Swimsuits New
CSO003-MERL-L,One Piece Swimsuits New,FULL,One Piece Swimsuits New
CSO003-BLK-XL,One Piece Swimsuits New,FULL,One Piece Swimsuits New
CSO003-MIDN-XL,One Piece Swimsuits New,FULL,One Piece Swimsuits New
CSO003-MERL-XL,One Piece Swimsuits New,FULL,One Piece Swimsuits New
CSO004-BLK-S,One Piece Swimsuits New,FULL,One Piece Swimsuits New
CSO004-MIDN-S,One Piece Swimsuits New,FULL,One Piece Swimsuits New
CSO004-MERL-S,One Piece Swimsuits New,FULL,One Piece Swimsuits New
CSO004-BLK-M,One Piece Swimsuits New,FULL,One Piece Swimsuits New
CSO004-MIDN-M,One Piece Swimsuits New,FULL,One Piece Swimsuits New
CSO004-MERL-M,One Piece Swimsuits New,FULL,One Piece Swimsuits New
CSO004-BLK-L,One Piece Swimsuits New,FULL,One Piece Swimsuits New
CSO004-MIDN-L,One Piece Swimsuits New,FULL,One Piece Swimsuits New
CSO004-MERL-L,One Piece Swimsuits New,FULL,One Piece Swimsuits New
CSO004-BLK-XL,One Piece Swimsuits New,FULL,One Piece Swimsuits New
CSO004-MIDN-XL,One Piece Swimsuits New,FULL,One Piece Swimsuits New
CSO004-MERL-XL,One Piece Swimsuits New,FULL,One Piece Swimsuits New
CSO002-BLK-S,One Piece Swimsuits New,FULL,One Piece Swimsuits New
CSO002-BLK-M,One Piece Swimsuits New,FULL,One Piece Swimsuits New
CSO002-BLK-L,One Piece Swimsuits New,FULL,One Piece Swimsuits New
CSO002-BLK-XL,One Piece Swimsuits New,FULL,One Piece Swimsuits New
CCO002-BLK-S,One Piece Swimsuits New,FULL,One Piece Swimsuits New
CCO002-BLK-M,One Piece Swimsuits New,FULL,One Piece Swimsuits New
CCO002-BLK-L,One Piece Swimsuits New,FULL,One Piece Swimsuits New
CCO002-BLK-XL,One Piece Swimsuits New,FULL,One Piece Swimsuits New
CSB001-BLK-S,Swimsuit Bottoms,FULL,Swimsuit Bottoms
CSB001-MIDN-S,Swimsuit Bottoms,FULL,Swimsuit Bottoms
CSB001-MERL-S,Swimsuit Bottoms,FULL,Swimsuit Bottoms
CSB001-BLK-M,Swimsuit Bottoms,FULL,Swimsuit Bottoms
CSB001-MIDN-M,Swimsuit Bottoms,FULL,Swimsuit Bottoms
CSB001-MERL-M,Swimsuit Bottoms,FULL,Swimsuit Bottoms
CSB001-BLK-L,Swimsuit Bottoms,FULL,Swimsuit Bottoms
CSB001-MIDN-L,Swimsuit Bottoms,FULL,Swimsuit Bottoms
CSB001-MERL-L,Swimsuit Bottoms,FULL,Swimsuit Bottoms
CSB001-BLK-XL,Swimsuit Bottoms,FULL,Swimsuit Bottoms
CSB001-MIDN-XL,Swimsuit Bottoms,FULL,Swimsuit Bottoms
CSB001-MERL-XL,Swimsuit Bottoms,FULL,Swimsuit Bottoms
CSB003-BLK-S,Swimsuit Bottoms,FULL,Swimsuit Bottoms
CSB003-BLK-M,Swimsuit Bottoms,FULL,Swimsuit Bottoms
CSB003-BLK-L,Swimsuit Bottoms,FULL,Swimsuit Bottoms
CSB003-BLK-XL,Swimsuit Bottoms,FULL,Swimsuit Bottoms
CSB002-BLK-S,Swimsuit Bottoms,FULL,Swimsuit Bottoms
CSB002-MDNT-S,Swimsuit Bottoms,FULL,Swimsuit Bottoms
CSB002-MERL-S,Swimsuit Bottoms,FULL,Swimsuit Bottoms
CSB002-BLK-M,Swimsuit Bottoms,FULL,Swimsuit Bottoms
CSB002-MDNT-M,Swimsuit Bottoms,FULL,Swimsuit Bottoms
CSB002-MERL-M,Swimsuit Bottoms,FULL,Swimsuit Bottoms
CSB002-BLK-L,Swimsuit Bottoms,FULL,Swimsuit Bottoms
CSB002-MDNT-L,Swimsuit Bottoms,FULL,Swimsuit Bottoms
CSB002-MERL-L,Swimsuit Bottoms,FULL,Swimsuit Bottoms
CSB002-BLK-XL,Swimsuit Bottoms,FULL,Swimsuit Bottoms
CSB002-MDNT-XL,Swimsuit Bottoms,FULL,Swimsuit Bottoms
CSB002-MERL-XL,Swimsuit Bottoms,FULL,Swimsuit Bottoms
CSB004-BLK-S,Swimsuit Bottoms,FULL,Swimsuit Bottoms
CSB004-BLK-M,Swimsuit Bottoms,FULL,Swimsuit Bottoms
CSB004-BLK-L,Swimsuit Bottoms,FULL,Swimsuit Bottoms
CSB004-BLK-XL,Swimsuit Bottoms,FULL,Swimsuit Bottoms
CCB001-BLK-S,Swimsuit Bottoms,FULL,Swimsuit Bottoms
CCB001-BLK-M,Swimsuit Bottoms,FULL,Swimsuit Bottoms
CCB001-BLK-L,Swimsuit Bottoms,FULL,Swimsuit Bottoms
CCB001-BLK-XL,Swimsuit Bottoms,FULL,Swimsuit Bottoms
CCB003-BLK-S,Swimsuit Bottoms,FULL,Swimsuit Bottoms
CCB003-BLK-M,Swimsuit Bottoms,FULL,Swimsuit Bottoms
CCB003-BLK-L,Swimsuit Bottoms,FULL,Swimsuit Bottoms
CCB003-BLK-XL,Swimsuit Bottoms,FULL,Swimsuit Bottoms
CCB004-BLK-S,Swimsuit Bottoms,FULL,Swimsuit Bottoms
CCB004-BLK-M,Swimsuit Bottoms,FULL,Swimsuit Bottoms
CCB004-BLK-L,Swimsuit Bottoms,FULL,Swimsuit Bottoms
CCB004-BLK-XL,Swimsuit Bottoms,FULL,Swimsuit Bottoms
CST001-BLK-S,Swimsuit Tops,FULL,Swimsuit Tops
CST001-MIDN-S,Swimsuit Tops,FULL,Swimsuit Tops
CST001-MERL-S,Swimsuit Tops,FULL,Swimsuit Tops
CST001-BLK-M,Swimsuit Tops,FULL,Swimsuit Tops
CST001-MIDN-M,Swimsuit Tops,FULL,Swimsuit Tops
CST001-MERL-M,Swimsuit Tops,FULL,Swimsuit Tops
CST001-BLK-L,Swimsuit Tops,FULL,Swimsuit Tops
CST001-MIDN-L,Swimsuit Tops,FULL,Swimsuit Tops
CST001-MERL-L,Swimsuit Tops,FULL,Swimsuit Tops
CST001-BLK-XL,Swimsuit Tops,FULL,Swimsuit Tops
CST001-MIDN-XL,Swimsuit Tops,FULL,Swimsuit Tops
CST001-MERL-XL,Swimsuit Tops,FULL,Swimsuit Tops
CST002-BLK-S,Swimsuit Tops,FULL,Swimsuit Tops
CST002-MIDN-S,Swimsuit Tops,FULL,Swimsuit Tops
CST002-MERL-S,Swimsuit Tops,FULL,Swimsuit Tops
CST002-BLK-M,Swimsuit Tops,FULL,Swimsuit Tops
CST002-MIDN-M,Swimsuit Tops,FULL,Swimsuit Tops
CST002-MERL-M,Swimsuit Tops,FULL,Swimsuit Tops
CST002-BLK-L,Swimsuit Tops,FULL,Swimsuit Tops
CST002-MIDN-L,Swimsuit Tops,FULL,Swimsuit Tops
CST002-MERL-L,Swimsuit Tops,FULL,Swimsuit Tops
CST002-BLK-XL,Swimsuit Tops,FULL,Swimsuit Tops
CST002-MIDN-XL,Swimsuit Tops,FULL,Swimsuit Tops
CST002-MERL-XL,Swimsuit Tops,FULL,Swimsuit Tops
CST003-BLK-S,Swimsuit Tops,FULL,Swimsuit Tops
CST003-BLK-M,Swimsuit Tops,FULL,Swimsuit Tops
CST003-BLK-L,Swimsuit Tops,FULL,Swimsuit Tops
CST003-BLK-XL,Swimsuit Tops,FULL,Swimsuit Tops
CST004-BLK-S,Swimsuit Tops,FULL,Swimsuit Tops
CST004-BLK-M,Swimsuit Tops,FULL,Swimsuit Tops
CST004-BLK-L,Swimsuit Tops,FULL,Swimsuit Tops
CST004-BLK-XL,Swimsuit Tops,FULL,Swimsuit Tops
CCT001-BLK-S,Swimsuit Tops,FULL,Swimsuit Tops
CCT001-BLK-M,Swimsuit Tops,FULL,Swimsuit Tops
CCT001-BLK-L,Swimsuit Tops,FULL,Swimsuit Tops
CCT001-BLK-XL,Swimsuit Tops,FULL,Swimsuit Tops
CCT002-BLK-S,Swimsuit Tops,FULL,Swimsuit Tops
CCT002-BLK-M,Swimsuit Tops,FULL,Swimsuit Tops
CCT002-BLK-L,Swimsuit Tops,FULL,Swimsuit Tops
CCT002-BLK-XL,Swimsuit Tops,FULL,Swimsuit Tops
CCT003-BLK-S,Swimsuit Tops,FULL,Swimsuit Tops
CCT003-BLK-M,Swimsuit Tops,FULL,Swimsuit Tops
CCT003-BLK-L,Swimsuit Tops,FULL,Swimsuit Tops
CCT003-BLK-XL,Swimsuit Tops,FULL,Swimsuit Tops
CCT004-BLK-S,Swimsuit Tops,FULL,Swimsuit Tops
CCT004-BLK-M,Swimsuit Tops,FULL,Swimsuit Tops
CCT004-BLK-L,Swimsuit Tops,FULL,Swimsuit Tops
CCT004-BLK-XL,Swimsuit Tops,FULL,Swimsuit Tops
CCO003-BLK-S,One Piece Swimsuits New,FULL,One Piece Swimsuits New
CCO003-BLK-XL,One Piece Swimsuits New,FULL,One Piece Swimsuits New
CCO003-BLK-M,One Piece Swimsuits New,FULL,One Piece Swimsuits New
CCO003-BLK-L,One Piece Swimsuits New,FULL,One Piece Swimsuits New
CCO001-BLK-XL,One Piece Swimsuits New,FULL,One Piece Swimsuits New
CCO001-BLK-S,One Piece Swimsuits New,FULL,One Piece Swimsuits New
CCO001-BLK-M,One Piece Swimsuits New,FULL,One Piece Swimsuits New
CCO001-BLK-L,One Piece Swimsuits New,FULL,One Piece Swimsuits New
CCB002-BLK-S,Swimsuit Bottoms,FULL,Swimsuit Bottoms
CCB002-BLK-M,Swimsuit Bottoms,FULL,Swimsuit Bottoms
CCB002-BLK-L,Swimsuit Bottoms,FULL,Swimsuit Bottoms
CCB002-BLK-XL,Swimsuit Bottoms,FULL,Swimsuit Bottoms
CSO005-MLTI-S,One Piece Swimsuits New,FULL,One Piece Swimsuits New
CSO005-MLTI-M,One Piece Swimsuits New,FULL,One Piece Swimsuits New
CSO005-MLTI-L,One Piece Swimsuits New,FULL,One Piece Swimsuits New
CSO005-MLTI-XL,One Piece Swimsuits New,FULL,One Piece Swimsuits New
CSO005-GRN-S,One Piece Swimsuits New,FULL,One Piece Swimsuits New
CSO005-GRN-M,One Piece Swimsuits New,FULL,One Piece Swimsuits New
CSO005-GRN-L,One Piece Swimsuits New,FULL,One Piece Swimsuits New
CSO005-GRN-XL,One Piece Swimsuits New,FULL,One Piece Swimsuits New
CSO005-PINK-S,One Piece Swimsuits New,FULL,One Piece Swimsuits New
CSO005-PINK-M,One Piece Swimsuits New,FULL,One Piece Swimsuits New
CSO005-PINK-L,One Piece Swimsuits New,FULL,One Piece Swimsuits New
CSO005-PINK-XL,One Piece Swimsuits New,FULL,One Piece Swimsuits New
CSO005-BKWH-S,One Piece Swimsuits New,FULL,One Piece Swimsuits New
CSO005-BKWH-M,One Piece Swimsuits New,FULL,One Piece Swimsuits New
CSO005-BKWH-L,One Piece Swimsuits New,FULL,One Piece Swimsuits New
CSO005-BKWH-XL,One Piece Swimsuits New,FULL,One Piece Swimsuits New
CSO010-MLTI-S,One Piece Swimsuits New,FULL,One Piece Swimsuits New
CSO010-MLTI-M,One Piece Swimsuits New,FULL,One Piece Swimsuits New
CSO010-MLTI-L,One Piece Swimsuits New,FULL,One Piece Swimsuits New
CSO010-MLTI-XL,One Piece Swimsuits New,FULL,One Piece Swimsuits New
CSO010-GRN-S,One Piece Swimsuits New,FULL,One Piece Swimsuits New
CSO010-GRN-M,One Piece Swimsuits New,FULL,One Piece Swimsuits New
CSO010-GRN-L,One Piece Swimsuits New,FULL,One Piece Swimsuits New
CSO010-GRN-XL,One Piece Swimsuits New,FULL,One Piece Swimsuits New
CSO010-PURP-S,One Piece Swimsuits New,FULL,One Piece Swimsuits New
CSO010-PURP-M,One Piece Swimsuits New,FULL,One Piece Swimsuits New
CSO010-PURP-L,One Piece Swimsuits New,FULL,One Piece Swimsuits New
CSO010-PURP-XL,One Piece Swimsuits New,FULL,One Piece Swimsuits New
CSO010-PINK-S,One Piece Swimsuits New,FULL,One Piece Swimsuits New
CSO010-PINK-M,One Piece Swimsuits New,FULL,One Piece Swimsuits New
CSO010-PINK-L,One Piece Swimsuits New,FULL,One Piece Swimsuits New
CSO010-PINK-XL,One Piece Swimsuits New,FULL,One Piece Swimsuits New
CSO010-BLK-S,One Piece Swimsuits New,FULL,One Piece Swimsuits New
CSO010-BLK-M,One Piece Swimsuits New,FULL,One Piece Swimsuits New
CSO010-BLK-L,One Piece Swimsuits New,FULL,One Piece Swimsuits New
CSO010-BLK-XL,One Piece Swimsuits New,FULL,One Piece Swimsuits New
CSO016-GRN-S,One Piece Swimsuits New,FULL,One Piece Swimsuits New
CSO016-GRN-M,One Piece Swimsuits New,FULL,One Piece Swimsuits New
CSO016-GRN-L,One Piece Swimsuits New,FULL,One Piece Swimsuits New
CSO016-GRN-XL,One Piece Swimsuits New,FULL,One Piece Swimsuits New
CSO016-BLK-S,One Piece Swimsuits New,FULL,One Piece Swimsuits New
CSO016-BLK-M,One Piece Swimsuits New,FULL,One Piece Swimsuits New
CSO016-BLK-L,One Piece Swimsuits New,FULL,One Piece Swimsuits New
CSO016-BLK-XL,One Piece Swimsuits New,FULL,One Piece Swimsuits New
CSO007-MLTI-S,One Piece Swimsuits New,FULL,One Piece Swimsuits New
CSO007-MLTI-M,One Piece Swimsuits New,FULL,One Piece Swimsuits New
CSO007-MLTI-L,One Piece Swimsuits New,FULL,One Piece Swimsuits New
CSO007-MLTI-XL,One Piece Swimsuits New,FULL,One Piece Swimsuits New
CSO007-BLUE-S,One Piece Swimsuits New,FULL,One Piece Swimsuits New
CSO007-BLUE-M,One Piece Swimsuits New,FULL,One Piece Swimsuits New
CSO007-BLUE-L,One Piece Swimsuits New,FULL,One Piece Swimsuits New
CSO007-BLUE-XL,One Piece Swimsuits New,FULL,One Piece Swimsuits New
CSO007-PURP-S,One Piece Swimsuits New,FULL,One Piece Swimsuits New
CSO007-PURP-M,One Piece Swimsuits New,FULL,One Piece Swimsuits New
CSO007-PURP-L,One Piece Swimsuits New,FULL,One Piece Swimsuits New
CSO007-PURP-XL,One Piece Swimsuits New,FULL,One Piece Swimsuits New
CSO007-PINK-S,One Piece Swimsuits New,FULL,One Piece Swimsuits New
CSO007-PINK-M,One Piece Swimsuits New,FULL,One Piece Swimsuits New
CSO007-PINK-L,One Piece Swimsuits New,FULL,One Piece Swimsuits New
CSO007-PINK-XL,One Piece Swimsuits New,FULL,One Piece Swimsuits New
CSO007-BKWH-S,One Piece Swimsuits New,FULL,One Piece Swimsuits New
CSO007-BKWH-M,One Piece Swimsuits New,FULL,One Piece Swimsuits New
CSO007-BKWH-L,One Piece Swimsuits New,FULL,One Piece Swimsuits New
CSO007-BKWH-XL,One Piece Swimsuits New,FULL,One Piece Swimsuits New
CSO012-BKWH-S,One Piece Swimsuits New,FULL,One Piece Swimsuits New
CSO012-BKWH-M,One Piece Swimsuits New,FULL,One Piece Swimsuits New
CSO012-BKWH-L,One Piece Swimsuits New,FULL,One Piece Swimsuits New
CSO012-BKWH-XL,One Piece Swimsuits New,FULL,One Piece Swimsuits New
CSO011-PURP-S,One Piece Swimsuits New,FULL,One Piece Swimsuits New
CSO011-PURP-M,One Piece Swimsuits New,FULL,One Piece Swimsuits New
CSO011-PURP-L,One Piece Swimsuits New,FULL,One Piece Swimsuits New
CSO011-PURP-XL,One Piece Swimsuits New,FULL,One Piece Swimsuits New
CSO011-PINK-S,One Piece Swimsuits New,FULL,One Piece Swimsuits New
CSO011-PINK-M,One Piece Swimsuits New,FULL,One Piece Swimsuits New
CSO011-PINK-L,One Piece Swimsuits New,FULL,One Piece Swimsuits New
CSO011-PINK-XL,One Piece Swimsuits New,FULL,One Piece Swimsuits New
CSO011-BLK-S,One Piece Swimsuits New,FULL,One Piece Swimsuits New
CSO011-BLK-M,One Piece Swimsuits New,FULL,One Piece Swimsuits New
CSO011-BLK-L,One Piece Swimsuits New,FULL,One Piece Swimsuits New
CSO011-BLK-XL,One Piece Swimsuits New,FULL,One Piece Swimsuits New
CSO028-GRN-S,One Piece Swimsuits New,FULL,One Piece Swimsuits New
CSO028-GRN-M,One Piece Swimsuits New,FULL,One Piece Swimsuits New
CSO028-GRN-L,One Piece Swimsuits New,FULL,One Piece Swimsuits New
CSO028-GRN-XL,One Piece Swimsuits New,FULL,One Piece Swimsuits New
CSO028-PURP-S,One Piece Swimsuits New,FULL,One Piece Swimsuits New
CSO028-PURP-M,One Piece Swimsuits New,FULL,One Piece Swimsuits New
CSO028-PURP-L,One Piece Swimsuits New,FULL,One Piece Swimsuits New
CSO028-PURP-XL,One Piece Swimsuits New,FULL,One Piece Swimsuits New
CSO028-PINK-S,One Piece Swimsuits New,FULL,One Piece Swimsuits New
CSO028-PINK-M,One Piece Swimsuits New,FULL,One Piece Swimsuits New
CSO028-PINK-L,One Piece Swimsuits New,FULL,One Piece Swimsuits New
CSO028-PINK-XL,One Piece Swimsuits New,FULL,One Piece Swimsuits New
CSO028-BLK-S,One Piece Swimsuits New,FULL,One Piece Swimsuits New
CSO028-BLK-M,One Piece Swimsuits New,FULL,One Piece Swimsuits New
CSO028-BLK-L,One Piece Swimsuits New,FULL,One Piece Swimsuits New
CSO028-BLK-XL,One Piece Swimsuits New,FULL,One Piece Swimsuits New
CSB015-BLUE-S,Swimsuit Bottoms,FULL,Swimsuit Bottoms
CSB015-BLUE-M,Swimsuit Bottoms,FULL,Swimsuit Bottoms
CSB015-BLUE-L,Swimsuit Bottoms,FULL,Swimsuit Bottoms
CSB015-BLUE-XL,Swimsuit Bottoms,FULL,Swimsuit Bottoms
CSB015-BLK-S,Swimsuit Bottoms,FULL,Swimsuit Bottoms
CSB015-BLK-M,Swimsuit Bottoms,FULL,Swimsuit Bottoms
CSB015-BLK-L,Swimsuit Bottoms,FULL,Swimsuit Bottoms
CSB015-BLK-XL,Swimsuit Bottoms,FULL,Swimsuit Bottoms
CSB006-BLK-S,Swimsuit Bottoms,FULL,Swimsuit Bottoms
CSB006-BLK-M,Swimsuit Bottoms,FULL,Swimsuit Bottoms
CSB006-BLK-L,Swimsuit Bottoms,FULL,Swimsuit Bottoms
CSB006-BLK-XL,Swimsuit Bottoms,FULL,Swimsuit Bottoms
CSB006-BLUE-S,Swimsuit Bottoms,FULL,Swimsuit Bottoms
CSB006-BLUE-M,Swimsuit Bottoms,FULL,Swimsuit Bottoms
CSB006-BLUE-L,Swimsuit Bottoms,FULL,Swimsuit Bottoms
CSB006-BLUE-XL,Swimsuit Bottoms,FULL,Swimsuit Bottoms
CSB006-PURP-S,Swimsuit Bottoms,FULL,Swimsuit Bottoms
CSB006-PURP-M,Swimsuit Bottoms,FULL,Swimsuit Bottoms
CSB006-PURP-L,Swimsuit Bottoms,FULL,Swimsuit Bottoms
CSB006-PURP-XL,Swimsuit Bottoms,FULL,Swimsuit Bottoms
CSB006-PINK-S,Swimsuit Bottoms,FULL,Swimsuit Bottoms
CSB006-PINK-M,Swimsuit Bottoms,FULL,Swimsuit Bottoms
CSB006-PINK-L,Swimsuit Bottoms,FULL,Swimsuit Bottoms
CSB006-PINK-XL,Swimsuit Bottoms,FULL,Swimsuit Bottoms
CSB006-BKWH-S,Swimsuit Bottoms,FULL,Swimsuit Bottoms
CSB006-BKWH-M,Swimsuit Bottoms,FULL,Swimsuit Bottoms
CSB006-BKWH-L,Swimsuit Bottoms,FULL,Swimsuit Bottoms
CSB006-BKWH-XL,Swimsuit Bottoms,FULL,Swimsuit Bottoms
CSB005-MLTI-S,Swimsuit Bottoms,FULL,Swimsuit Bottoms
CSB005-MLTI-M,Swimsuit Bottoms,FULL,Swimsuit Bottoms
CSB005-MLTI-L,Swimsuit Bottoms,FULL,Swimsuit Bottoms
CSB005-MLTI-XL,Swimsuit Bottoms,FULL,Swimsuit Bottoms
CSB005-GRN-S,Swimsuit Bottoms,FULL,Swimsuit Bottoms
CSB005-GRN-M,Swimsuit Bottoms,FULL,Swimsuit Bottoms
CSB005-GRN-L,Swimsuit Bottoms,FULL,Swimsuit Bottoms
CSB005-GRN-XL,Swimsuit Bottoms,FULL,Swimsuit Bottoms
CSB005-BLUE-S,Swimsuit Bottoms,FULL,Swimsuit Bottoms
CSB005-BLUE-M,Swimsuit Bottoms,FULL,Swimsuit Bottoms
CSB005-BLUE-L,Swimsuit Bottoms,FULL,Swimsuit Bottoms
CSB005-BLUE-XL,Swimsuit Bottoms,FULL,Swimsuit Bottoms
CSB005-PINK-S,Swimsuit Bottoms,FULL,Swimsuit Bottoms
CSB005-PINK-M,Swimsuit Bottoms,FULL,Swimsuit Bottoms
CSB005-PINK-L,Swimsuit Bottoms,FULL,Swimsuit Bottoms
CSB005-PINK-XL,Swimsuit Bottoms,FULL,Swimsuit Bottoms
CSB005-BLK-S,Swimsuit Bottoms,FULL,Swimsuit Bottoms
CSB005-BLK-M,Swimsuit Bottoms,FULL,Swimsuit Bottoms
CSB005-BLK-L,Swimsuit Bottoms,FULL,Swimsuit Bottoms
CSB005-BLK-XL,Swimsuit Bottoms,FULL,Swimsuit Bottoms
CSB022-MLTI-S,Swimsuit Bottoms,FULL,Swimsuit Bottoms
CSB022-MLTI-M,Swimsuit Bottoms,FULL,Swimsuit Bottoms
CSB022-MLTI-L,Swimsuit Bottoms,FULL,Swimsuit Bottoms
CSB022-MLTI-XL,Swimsuit Bottoms,FULL,Swimsuit Bottoms
CSB024-GRN-S,Swimsuit Bottoms,FULL,Swimsuit Bottoms
CSB024-GRN-M,Swimsuit Bottoms,FULL,Swimsuit Bottoms
CSB024-GRN-L,Swimsuit Bottoms,FULL,Swimsuit Bottoms
CSB024-GRN-XL,Swimsuit Bottoms,FULL,Swimsuit Bottoms
CSB024-BLK-S,Swimsuit Bottoms,FULL,Swimsuit Bottoms
CSB024-BLK-M,Swimsuit Bottoms,FULL,Swimsuit Bottoms
CSB024-BLK-L,Swimsuit Bottoms,FULL,Swimsuit Bottoms
CSB024-BLK-XL,Swimsuit Bottoms,FULL,Swimsuit Bottoms
CSB027-BLUE-S,Swimsuit Bottoms,FULL,Swimsuit Bottoms
CSB027-BLUE-M,Swimsuit Bottoms,FULL,Swimsuit Bottoms
CSB027-BLUE-L,Swimsuit Bottoms,FULL,Swimsuit Bottoms
CSB027-BLUE-XL,Swimsuit Bottoms,FULL,Swimsuit Bottoms
CSB027-GRN-S,Swimsuit Bottoms,FULL,Swimsuit Bottoms
CSB027-GRN-M,Swimsuit Bottoms,FULL,Swimsuit Bottoms
CSB027-GRN-L,Swimsuit Bottoms,FULL,Swimsuit Bottoms
CSB027-GRN-XL,Swimsuit Bottoms,FULL,Swimsuit Bottoms
CSB027-PINK-S,Swimsuit Bottoms,FULL,Swimsuit Bottoms
CSB027-PINK-M,Swimsuit Bottoms,FULL,Swimsuit Bottoms
CSB027-PINK-L,Swimsuit Bottoms,FULL,Swimsuit Bottoms
CSB027-PINK-XL,Swimsuit Bottoms,FULL,Swimsuit Bottoms
CSB027-BLK-S,Swimsuit Bottoms,FULL,Swimsuit Bottoms
CSB027-BLK-M,Swimsuit Bottoms,FULL,Swimsuit Bottoms
CSB027-BLK-L,Swimsuit Bottoms,FULL,Swimsuit Bottoms
CSB027-BLK-XL,Swimsuit Bottoms,FULL,Swimsuit Bottoms
CST014-BLUE-S,Swimsuit Tops,FULL,Swimsuit Tops
CST014-BLUE-M,Swimsuit Tops,FULL,Swimsuit Tops
CST014-BLUE-L,Swimsuit Tops,FULL,Swimsuit Tops
CST014-BLUE-XL,Swimsuit Tops,FULL,Swimsuit Tops
CST014-BLK-S,Swimsuit Tops,FULL,Swimsuit Tops
CST014-BLK-M,Swimsuit Tops,FULL,Swimsuit Tops
CST014-BLK-L,Swimsuit Tops,FULL,Swimsuit Tops
CST014-BLK-XL,Swimsuit Tops,FULL,Swimsuit Tops
CST009-MLTI-S,Swimsuit Tops,FULL,Swimsuit Tops
CST009-MLTI-M,Swimsuit Tops,FULL,Swimsuit Tops
CST009-MLTI-L,Swimsuit Tops,FULL,Swimsuit Tops
CST009-MLTI-XL,Swimsuit Tops,FULL,Swimsuit Tops
CST009-BLUE-S,Swimsuit Tops,FULL,Swimsuit Tops
CST009-BLUE-M,Swimsuit Tops,FULL,Swimsuit Tops
CST009-BLUE-L,Swimsuit Tops,FULL,Swimsuit Tops
CST009-BLUE-XL,Swimsuit Tops,FULL,Swimsuit Tops
CST009-PURP-S,Swimsuit Tops,FULL,Swimsuit Tops
CST009-PURP-M,Swimsuit Tops,FULL,Swimsuit Tops
CST009-PURP-L,Swimsuit Tops,FULL,Swimsuit Tops
CST009-PURP-XL,Swimsuit Tops,FULL,Swimsuit Tops
CST009-PINK-S,Swimsuit Tops,FULL,Swimsuit Tops
CST009-PINK-M,Swimsuit Tops,FULL,Swimsuit Tops
CST009-PINK-L,Swimsuit Tops,FULL,Swimsuit Tops
CST009-PINK-XL,Swimsuit Tops,FULL,Swimsuit Tops
CST009-BKWH-S,Swimsuit Tops,FULL,Swimsuit Tops
CST009-BKWH-M,Swimsuit Tops,FULL,Swimsuit Tops
CST009-BKWH-L,Swimsuit Tops,FULL,Swimsuit Tops
CST009-BKWH-XL,Swimsuit Tops,FULL,Swimsuit Tops
CST005-MLTI-S,Swimsuit Tops,FULL,Swimsuit Tops
CST005-MLTI-M,Swimsuit Tops,FULL,Swimsuit Tops
CST005-MLTI-L,Swimsuit Tops,FULL,Swimsuit Tops
CST005-MLTI-XL,Swimsuit Tops,FULL,Swimsuit Tops
CST005-GRN-S,Swimsuit Tops,FULL,Swimsuit Tops
CST005-GRN-M,Swimsuit Tops,FULL,Swimsuit Tops
CST005-GRN-L,Swimsuit Tops,FULL,Swimsuit Tops
CST005-GRN-XL,Swimsuit Tops,FULL,Swimsuit Tops
CST005-BLUE-S,Swimsuit Tops,FULL,Swimsuit Tops
CST005-BLUE-M,Swimsuit Tops,FULL,Swimsuit Tops
CST005-BLUE-L,Swimsuit Tops,FULL,Swimsuit Tops
CST005-BLUE-XL,Swimsuit Tops,FULL,Swimsuit Tops
CST005-PINK-S,Swimsuit Tops,FULL,Swimsuit Tops
CST005-PINK-M,Swimsuit Tops,FULL,Swimsuit Tops
CST005-PINK-L,Swimsuit Tops,FULL,Swimsuit Tops
CST005-PINK-XL,Swimsuit Tops,FULL,Swimsuit Tops
CST005-BLK-S,Swimsuit Tops,FULL,Swimsuit Tops
CST005-BLK-M,Swimsuit Tops,FULL,Swimsuit Tops
CST005-BLK-L,Swimsuit Tops,FULL,Swimsuit Tops
CST005-BLK-XL,Swimsuit Tops,FULL,Swimsuit Tops
CST021-MLTI-S,Swimsuit Tops,FULL,Swimsuit Tops
CST021-MLTI-M,Swimsuit Tops,FULL,Swimsuit Tops
CST021-MLTI-L,Swimsuit Tops,FULL,Swimsuit Tops
CST021-MLTI-XL,Swimsuit Tops,FULL,Swimsuit Tops
CST023-GRN-S,Swimsuit Tops,FULL,Swimsuit Tops
CST023-GRN-M,Swimsuit Tops,FULL,Swimsuit Tops
CST023-GRN-L,Swimsuit Tops,FULL,Swimsuit Tops
CST023-GRN-XL,Swimsuit Tops,FULL,Swimsuit Tops
CST023-BLK-S,Swimsuit Tops,FULL,Swimsuit Tops
CST023-BLK-M,Swimsuit Tops,FULL,Swimsuit Tops
CST023-BLK-L,Swimsuit Tops,FULL,Swimsuit Tops
CST023-BLK-XL,Swimsuit Tops,FULL,Swimsuit Tops
