sku,fields.target_posting_template,fields.target_listing_action,pts
variant-5,One Piece Pajamas,FULL,One Piece Pajamas
variant-9,One Piece Pajamas,FULL,One Piece Pajamas
variant-13,Luggage,FULL,Luggage
variant-21,Luggage,FULL,Luggage
variant-37,Makeup Bags and Organizers,FULL,Makeup Bags and Organizers
variant-41,Duvet Sets,FULL,Duvet Sets
variant-45,Duvet Sets,FULL,Duvet Sets
variant-49,Bath Rugs and Mats,FULL,Bath Rugs and Mats
variant-57,Throw Pillows,FULL,Throw Pillows
variant-61,Framed Wall Canvases,FULL,Framed Wall Canvases
variant-69,Handbags,FULL,Handbags
variant-73,Beach Towels,FULL,Beach Towels
variant-77,Shower Curtain,FULL,Shower Curtain
variant-85,Throw Blankets,FULL,Throw Blankets
variant-89,Throw Blankets,FULL,Throw Blankets
variant-93,Throw Blankets,FULL,Throw Blankets
variant-97,Throw Blankets,FULL,Throw Blankets
variant-101,Throw Blankets,FULL,Throw Blankets
variant-104,Headbands,FULL,Headbands
variant-106,One Piece Pajamas,FULL,One Piece Pajamas
variant-109,Coats and Jackets,FULL,Coats and Jackets
PMF0622,One Piece Pajamas,FULL,One Piece Pajamas
PMF0639,One Piece Pajamas,FULL,One Piece Pajamas
PMF0646,One Piece Pajamas,FULL,One Piece Pajamas
PMF3241,One Piece Pajamas,FULL,One Piece Pajamas
PMF3258,One Piece Pajamas,FULL,One Piece Pajamas
PMF3265,One Piece Pajamas,FULL,One Piece Pajamas
PMF3005,Luggage,FULL,Luggage
PMF3012,Luggage,FULL,Luggage
PMF3029,Luggage,FULL,Luggage
PMF3517,Luggage,FULL,Luggage
PMF3623,Luggage,FULL,Luggage
PMF3647,Luggage,FULL,Luggage
AFB1126,Luggage,FULL,Luggage
PMF3609,Luggage,FULL,Luggage
PMF3616,Luggage,FULL,Luggage
PMF7911,Makeup Bags and Organizers,FULL,Makeup Bags and Organizers
PMF7966,Makeup Bags and Organizers,FULL,Makeup Bags and Organizers
PMF7959,Makeup Bags and Organizers,FULL,Makeup Bags and Organizers
PMF7464,Duvet Sets,FULL,Duvet Sets
PMF7440,Duvet Sets,FULL,Duvet Sets
PMF7488,Duvet Sets,FULL,Duvet Sets
PMF7723,Duvet Sets,FULL,Duvet Sets
PMF7457,Duvet Sets,FULL,Duvet Sets
PMF7471,Duvet Sets,FULL,Duvet Sets
PMF7495,Duvet Sets,FULL,Duvet Sets
PMF7297,Bath Rugs and Mats,FULL,Bath Rugs and Mats
PMF7303,Bath Rugs and Mats,FULL,Bath Rugs and Mats
PMF7310,Bath Rugs and Mats,FULL,Bath Rugs and Mats
PMF7327,Bath Rugs and Mats,FULL,Bath Rugs and Mats
PMF7334,Bath Rugs and Mats,FULL,Bath Rugs and Mats
PMF7341,Bath Rugs and Mats,FULL,Bath Rugs and Mats
PMF7358,Bath Rugs and Mats,FULL,Bath Rugs and Mats
PMF7171,Bath Rugs and Mats,FULL,Bath Rugs and Mats
PMF7655,Throw Pillows,FULL,Throw Pillows
PMF7631,Throw Pillows,FULL,Throw Pillows
PMF7686,Throw Pillows,FULL,Throw Pillows
PMF7051AC,Throw Pillows,FULL,Throw Pillows
PMF7693,Throw Pillows,FULL,Throw Pillows
PMF7747,Throw Pillows,FULL,Throw Pillows
PMF7860,Throw Pillows,FULL,Throw Pillows
PMF7884,Throw Pillows,FULL,Throw Pillows
PMF7891,Throw Pillows,FULL,Throw Pillows
PMF7034,Framed Wall Canvases,FULL,Framed Wall Canvases
PMF7058,Framed Wall Canvases,FULL,Framed Wall Canvases
PMF7041,Framed Wall Canvases,FULL,Framed Wall Canvases
PMF7997,Framed Wall Canvases,FULL,Framed Wall Canvases
PMF7928,Handbags,FULL,Handbags
PMF7935,Handbags,FULL,Handbags
PMF7942,Handbags,FULL,Handbags
PMF7980,Handbags,FULL,Handbags
PMF7556,Beach Towels,FULL,Beach Towels
PMF7563,Beach Towels,FULL,Beach Towels
PMF7570,Beach Towels,FULL,Beach Towels
PMF7587,Beach Towels,FULL,Beach Towels
PMF7594,Beach Towels,FULL,Beach Towels
PMF7600,Beach Towels,FULL,Beach Towels
PMF7280,Shower Curtain,FULL,Shower Curtain
PMF7235,Shower Curtain,FULL,Shower Curtain
PMF7273,Shower Curtain,FULL,Shower Curtain
PMF7907,Shower Curtain,FULL,Shower Curtain
PMF7242,Shower Curtain,FULL,Shower Curtain
PMF7259,Shower Curtain,FULL,Shower Curtain
PMF7266,Shower Curtain,FULL,Shower Curtain
PMF7188,Shower Curtain,FULL,Shower Curtain
PMF7525,Throw Blankets,FULL,Throw Blankets
PMF7549,Throw Blankets,FULL,Throw Blankets
PMF7730,Throw Blankets,FULL,Throw Blankets
PMF7006,Throw Blankets,FULL,Throw Blankets
PMF7662,Throw Blankets,FULL,Throw Blankets
PMF7839,Throw Blankets,FULL,Throw Blankets
PMF7846,Throw Blankets,FULL,Throw Blankets
PMF7853,Throw Blankets,FULL,Throw Blankets
PMF0868,Throw Blankets,FULL,Throw Blankets
PMF0875,Throw Blankets,FULL,Throw Blankets
PMF0882,Throw Blankets,FULL,Throw Blankets
PMF0899,Throw Blankets,FULL,Throw Blankets
PMF7679,Throw Blankets,FULL,Throw Blankets
AFB,Throw Blankets,FULL,Throw Blankets
AFB1010,Throw Blankets,FULL,Throw Blankets
AFB1003,Throw Blankets,FULL,Throw Blankets
PMF3043,Throw Blankets,FULL,Throw Blankets
PMF3050,Throw Blankets,FULL,Throw Blankets
PMF3067,Throw Blankets,FULL,Throw Blankets
PMF3074,Throw Blankets,FULL,Throw Blankets
PMF0790,Throw Blankets,FULL,Throw Blankets
PMF0806,Throw Blankets,FULL,Throw Blankets
PMF0813,Throw Blankets,FULL,Throw Blankets
PMF0820,Throw Blankets,FULL,Throw Blankets
PMF0240,Headbands,FULL,Headbands
PMF0233,Headbands,FULL,Headbands
PMF0288,Headbands,FULL,Headbands
PMF0226,Headbands,FULL,Headbands
PMF5701,One Piece Pajamas,FULL,One Piece Pajamas
PMF5718,One Piece Pajamas,FULL,One Piece Pajamas
PMF5725,One Piece Pajamas,FULL,One Piece Pajamas
PMF5794,One Piece Pajamas,FULL,One Piece Pajamas
PMF5046,Coats and Jackets,FULL,Coats and Jackets
PMF5060,Coats and Jackets,FULL,Coats and Jackets
PMF5053,Coats and Jackets,FULL,Coats and Jackets
PMF5084,Coats and Jackets,FULL,Coats and Jackets
PMF5114,Coats and Jackets,FULL,Coats and Jackets
PMF5091,Coats and Jackets,FULL,Coats and Jackets
PMF5121,Coats and Jackets,FULL,Coats and Jackets
PMF5145,Coats and Jackets,FULL,Coats and Jackets
PMF5138,Coats and Jackets,FULL,Coats and Jackets
PMF5169,Coats and Jackets,FULL,Coats and Jackets
PMF5183,Coats and Jackets,FULL,Coats and Jackets
PMF5176,Coats and Jackets,FULL,Coats and Jackets
PMF5305,Coats and Jackets,FULL,Coats and Jackets
PMF5329,Coats and Jackets,FULL,Coats and Jackets
PMF5312,Coats and Jackets,FULL,Coats and Jackets
PMF5336,Coats and Jackets,FULL,Coats and Jackets
PMF5350,Coats and Jackets,FULL,Coats and Jackets
PMF5343,Coats and Jackets,FULL,Coats and Jackets
PMF5367,Coats and Jackets,FULL,Coats and Jackets
PMF5398,Coats and Jackets,FULL,Coats and Jackets
PMF5374,Coats and Jackets,FULL,Coats and Jackets
AFB1027,Shower Curtain,FULL,Shower Curtain
AFB1041,Shower Curtain,FULL,Shower Curtain
