sku,fields.weight.value,fields.package_height.value,fields.package_width.value,fields.package_length.value,fields.weight.1,fields.package_weight.value,fields.target_color,fields.abn_size,fields.bullet_4,fields.bullet_5,fields.color,fields.size
CSO001-BLK-S,0.4,1.0,10.0,8.0,0.4,0.5,Black,Small,,,Black,S
CSO001-MIDN-S,0.4,1.0,10.0,8.0,0.4,0.5,Blue,Small,,,Midnight,S
CSO001-MERL-S,0.4,1.0,10.0,8.0,0.4,0.5,Red,Small,,,Merlot,S
CSO001-BLK-M,0.4,1.0,10.0,8.0,0.4,0.5,Black,Medium,,,Black,M
CSO001-MIDN-M,0.4,1.0,10.0,8.0,0.4,0.5,Blue,Medium,,,Midnight,M
CSO001-MERL-M,0.4,1.0,10.0,8.0,0.4,0.5,Red,Medium,,,Merlot,M
CSO001-BLK-L,0.4,1.0,10.0,8.0,0.4,0.5,Black,Large,,,Black,L
CSO001-MIDN-L,0.4,1.0,10.0,8.0,0.4,0.5,Blue,Large,,,Midnight,L
CSO001-MERL-L,0.4,1.0,10.0,8.0,0.4,0.5,Red,Large,,,Merlot,L
CSO001-BLK-XL,0.4,1.0,10.0,8.0,0.4,0.5,Black,X Large,,,Black,XL
CSO001-MIDN-XL,0.4,1.0,10.0,8.0,0.4,0.5,Blue,X Large,,,Midnight,XL
CSO001-MERL-XL,0.4,1.0,10.0,8.0,0.4,0.5,Red,X Large,,,Merlot,XL
CSO003-BLK-S,0.4,1.0,10.0,8.0,0.4,0.5,Black,Small,,,Black,S
CSO003-MIDN-S,0.4,1.0,10.0,8.0,0.4,0.5,Blue,Small,,,Midnight,S
CSO003-MERL-S,0.4,1.0,10.0,8.0,0.4,0.5,Red,Small,,,Merlot,S
CSO003-BLK-M,0.4,1.0,10.0,8.0,0.4,0.5,Black,Medium,,,Black,M
CSO003-MIDN-M,0.4,1.0,10.0,8.0,0.4,0.5,Blue,Medium,,,Midnight,M
CSO003-MERL-M,0.4,1.0,10.0,8.0,0.4,0.5,Red,Medium,,,Merlot,M
CSO003-BLK-L,0.4,1.0,10.0,8.0,0.4,0.5,Black,Large,,,Black,L
CSO003-MIDN-L,0.4,1.0,10.0,8.0,0.4,0.5,Blue,Large,,,Midnight,L
CSO003-MERL-L,0.4,1.0,10.0,8.0,0.4,0.5,Red,Large,,,Merlot,L
CSO003-BLK-XL,0.4,1.0,10.0,8.0,0.4,0.5,Black,X Large,,,Black,XL
CSO003-MIDN-XL,0.4,1.0,10.0,8.0,0.4,0.5,Blue,X Large,,,Midnight,XL
CSO003-MERL-XL,0.4,1.0,10.0,8.0,0.4,0.5,Red,X Large,,,Merlot,XL
CSO004-BLK-S,0.4,1.0,10.0,8.0,0.4,0.5,Black,Small,,,Black,S
CSO004-MIDN-S,0.4,1.0,10.0,8.0,0.4,0.5,Blue,Small,,,Midnight,S
CSO004-MERL-S,0.4,1.0,10.0,8.0,0.4,0.5,Red,Small,,,Merlot,S
CSO004-BLK-M,0.4,1.0,10.0,8.0,0.4,0.5,Black,Medium,,,Black,M
CSO004-MIDN-M,0.4,1.0,10.0,8.0,0.4,0.5,Blue,Medium,,,Midnight,M
CSO004-MERL-M,0.4,1.0,10.0,8.0,0.4,0.5,Red,Medium,,,Merlot,M
CSO004-BLK-L,0.4,1.0,10.0,8.0,0.4,0.5,Black,Large,,,Black,L
CSO004-MIDN-L,0.4,1.0,10.0,8.0,0.4,0.5,Blue,Large,,,Midnight,L
CSO004-MERL-L,0.4,1.0,10.0,8.0,0.4,0.5,Red,Large,,,Merlot,L
CSO004-BLK-XL,0.4,1.0,10.0,8.0,0.4,0.5,Black,X Large,,,Black,XL
CSO004-MIDN-XL,0.4,1.0,10.0,8.0,0.4,0.5,Blue,X Large,,,Midnight,XL
CSO004-MERL-XL,0.4,1.0,10.0,8.0,0.4,0.5,Red,X Large,,,Merlot,XL
CSO002-BLK-S,0.4,1.0,10.0,8.0,0.4,0.5,Black,Small,,,Black,S
CSO002-BLK-M,0.4,1.0,10.0,8.0,0.4,0.5,Black,Medium,,,Black,M
CSO002-BLK-L,0.4,1.0,10.0,8.0,0.4,0.5,Black,Large,,,Black,L
CSO002-BLK-XL,0.4,1.0,10.0,8.0,0.4,0.5,Black,X Large,,,Black,XL
CCO002-BLK-S,0.4,1.0,10.0,8.0,0.4,0.5,Black,Small,,,Black,S
CCO002-BLK-M,0.4,1.0,10.0,8.0,0.4,0.5,Black,Medium,,,Black,M
CCO002-BLK-L,0.4,1.0,10.0,8.0,0.4,0.5,Black,Large,,,Black,L
CCO002-BLK-XL,0.4,1.0,10.0,8.0,0.4,0.5,Black,X Large,,,Black,XL
CSB001-BLK-S,0.4,1.0,10.0,8.0,0.4,0.5,Black,Small,,,Black,S
CSB001-MIDN-S,0.4,1.0,10.0,8.0,0.4,0.5,Blue,Small,,,Midnight,S
CSB001-MERL-S,0.4,1.0,10.0,8.0,0.4,0.5,Red,Small,,,Merlot,S
CSB001-BLK-M,0.4,1.0,10.0,8.0,0.4,0.5,Black,Medium,,,Black,M
CSB001-MIDN-M,0.4,1.0,10.0,8.0,0.4,0.5,Blue,Medium,,,Midnight,M
CSB001-MERL-M,0.4,1.0,10.0,8.0,0.4,0.5,Red,Medium,,,Merlot,M
CSB001-BLK-L,0.4,1.0,10.0,8.0,0.4,0.5,Black,Large,,,Black,L
CSB001-MIDN-L,0.4,1.0,10.0,8.0,0.4,0.5,Blue,Large,,,Midnight,L
CSB001-MERL-L,0.4,1.0,10.0,8.0,0.4,0.5,Red,Large,,,Merlot,L
CSB001-BLK-XL,0.4,1.0,10.0,8.0,0.4,0.5,Black,X Large,,,Black,XL
CSB001-MIDN-XL,0.4,1.0,10.0,8.0,0.4,0.5,Blue,X Large,,,Midnight,XL
CSB001-MERL-XL,0.4,1.0,10.0,8.0,0.4,0.5,Red,X Large,,,Merlot,XL
CSB003-BLK-S,0.4,1.0,10.0,8.0,0.4,0.5,Black,Small,,,Black,S
CSB003-BLK-M,0.4,1.0,10.0,8.0,0.4,0.5,Black,Medium,,,Black,M
CSB003-BLK-L,0.4,1.0,10.0,8.0,0.4,0.5,Black,Large,,,Black,L
CSB003-BLK-XL,0.4,1.0,10.0,8.0,0.4,0.5,Black,X Large,,,Black,XL
CSB002-BLK-S,0.4,1.0,10.0,8.0,0.4,0.5,Black,Small,,,Black,S
CSB002-MDNT-S,0.4,1.0,10.0,8.0,0.4,0.5,Blue,Small,,,Midnight,S
CSB002-MERL-S,0.4,1.0,10.0,8.0,0.4,0.5,Red,Small,,,Merlot,S
CSB002-BLK-M,0.4,1.0,10.0,8.0,0.4,0.5,Black,Medium,,,Black,M
CSB002-MDNT-M,0.4,1.0,10.0,8.0,0.4,0.5,Blue,Medium,,,Midnight,M
CSB002-MERL-M,0.4,1.0,10.0,8.0,0.4,0.5,Red,Medium,,,Merlot,M
CSB002-BLK-L,0.4,1.0,10.0,8.0,0.4,0.5,Black,Large,,,Black,L
CSB002-MDNT-L,0.4,1.0,10.0,8.0,0.4,0.5,Blue,Large,,,Midnight,L
CSB002-MERL-L,0.4,1.0,10.0,8.0,0.4,0.5,Red,Large,,,Merlot,L
CSB002-BLK-XL,0.4,1.0,10.0,8.0,0.4,0.5,Black,X Large,,,Black,XL
CSB002-MDNT-XL,0.4,1.0,10.0,8.0,0.4,0.5,Blue,X Large,,,Midnight,XL
CSB002-MERL-XL,0.4,1.0,10.0,8.0,0.4,0.5,Red,X Large,,,Merlot,XL
CSB004-BLK-S,0.4,1.0,10.0,8.0,0.4,0.5,Black,Small,,,Black,S
CSB004-BLK-M,0.4,1.0,10.0,8.0,0.4,0.5,Black,Medium,,,Black,M
CSB004-BLK-L,0.4,1.0,10.0,8.0,0.4,0.5,Black,Large,,,Black,L
CSB004-BLK-XL,0.4,1.0,10.0,8.0,0.4,0.5,Black,X Large,,,Black,XL
CCB001-BLK-S,0.4,1.0,10.0,8.0,0.4,0.5,Black,Small,,,Black,S
CCB001-BLK-M,0.4,1.0,10.0,8.0,0.4,0.5,Black,Medium,,,Black,M
CCB001-BLK-L,0.4,1.0,10.0,8.0,0.4,0.5,Black,Large,,,Black,L
CCB001-BLK-XL,0.4,1.0,10.0,8.0,0.4,0.5,Black,X Large,,,Black,XL
CCB003-BLK-S,0.4,1.0,10.0,8.0,0.4,0.5,Black,Small,,,Black,S
CCB003-BLK-M,0.4,1.0,10.0,8.0,0.4,0.5,Black,Medium,,,Black,M
CCB003-BLK-L,0.4,1.0,10.0,8.0,0.4,0.5,Black,Large,,,Black,L
CCB003-BLK-XL,0.4,1.0,10.0,8.0,0.4,0.5,Black,X Large,,,Black,XL
CCB004-BLK-S,0.4,1.0,10.0,8.0,0.4,0.5,Black,Small,,,Black,S
CCB004-BLK-M,0.4,1.0,10.0,8.0,0.4,0.5,Black,Medium,,,Black,M
CCB004-BLK-L,0.4,1.0,10.0,8.0,0.4,0.5,Black,Large,,,Black,L
CCB004-BLK-XL,0.4,1.0,10.0,8.0,0.4,0.5,Black,X Large,,,Black,XL
CST001-BLK-S,0.4,1.0,10.0,8.0,0.4,0.5,Black,Small,,,Black,S
CST001-MIDN-S,0.4,1.0,10.0,8.0,0.4,0.5,Blue,Small,,,Midnight,S
CST001-MERL-S,0.4,1.0,10.0,8.0,0.4,0.5,Red,Small,,,Merlot,S
CST001-BLK-M,0.4,1.0,10.0,8.0,0.4,0.5,Black,Medium,,,Black,M
CST001-MIDN-M,0.4,1.0,10.0,8.0,0.4,0.5,Blue,Medium,,,Midnight,M
CST001-MERL-M,0.4,1.0,10.0,8.0,0.4,0.5,Red,Medium,,,Merlot,M
CST001-BLK-L,0.4,1.0,10.0,8.0,0.4,0.5,Black,Large,,,Black,L
CST001-MIDN-L,0.4,1.0,10.0,8.0,0.4,0.5,Blue,Large,,,Midnight,L
CST001-MERL-L,0.4,1.0,10.0,8.0,0.4,0.5,Red,Large,,,Merlot,L
CST001-BLK-XL,0.4,1.0,10.0,8.0,0.4,0.5,Black,X Large,,,Black,XL
CST001-MIDN-XL,0.4,1.0,10.0,8.0,0.4,0.5,Blue,X Large,,,Midnight,XL
CST001-MERL-XL,0.4,1.0,10.0,8.0,0.4,0.5,Red,X Large,,,Merlot,XL
CST002-BLK-S,0.4,1.0,10.0,8.0,0.4,0.5,Black,Small,,,Black,S
CST002-MIDN-S,0.4,1.0,10.0,8.0,0.4,0.5,Blue,Small,,,Midnight,S
CST002-MERL-S,0.4,1.0,10.0,8.0,0.4,0.5,Red,Small,,,Merlot,S
CST002-BLK-M,0.4,1.0,10.0,8.0,0.4,0.5,Black,Medium,,,Black,M
CST002-MIDN-M,0.4,1.0,10.0,8.0,0.4,0.5,Blue,Medium,,,Midnight,M
CST002-MERL-M,0.4,1.0,10.0,8.0,0.4,0.5,Red,Medium,,,Merlot,M
CST002-BLK-L,0.4,1.0,10.0,8.0,0.4,0.5,Black,Large,,,Black,L
CST002-MIDN-L,0.4,1.0,10.0,8.0,0.4,0.5,Blue,Large,,,Midnight,L
CST002-MERL-L,0.4,1.0,10.0,8.0,0.4,0.5,Red,Large,,,Merlot,L
CST002-BLK-XL,0.4,1.0,10.0,8.0,0.4,0.5,Black,X Large,,,Black,XL
CST002-MIDN-XL,0.4,1.0,10.0,8.0,0.4,0.5,Blue,X Large,,,Midnight,XL
CST002-MERL-XL,0.4,1.0,10.0,8.0,0.4,0.5,Red,X Large,,,Merlot,XL
CST003-BLK-S,0.4,1.0,10.0,8.0,0.4,0.5,Black,Small,,,Black,S
CST003-BLK-M,0.4,1.0,10.0,8.0,0.4,0.5,Black,Medium,,,Black,M
CST003-BLK-L,0.4,1.0,10.0,8.0,0.4,0.5,Black,Large,,,Black,L
CST003-BLK-XL,0.4,1.0,10.0,8.0,0.4,0.5,Black,X Large,,,Black,XL
CST004-BLK-S,0.4,1.0,10.0,8.0,0.4,0.5,Black,Small,,,Black,S
CST004-BLK-M,0.4,1.0,10.0,8.0,0.4,0.5,Black,Medium,,,Black,M
CST004-BLK-L,0.4,1.0,10.0,8.0,0.4,0.5,Black,Large,,,Black,L
CST004-BLK-XL,0.4,1.0,10.0,8.0,0.4,0.5,Black,X Large,,,Black,XL
CCT001-BLK-S,0.4,1.0,10.0,8.0,0.4,0.5,Black,Small,,,Black,S
CCT001-BLK-M,0.4,1.0,10.0,8.0,0.4,0.5,Black,Medium,,,Black,M
CCT001-BLK-L,0.4,1.0,10.0,8.0,0.4,0.5,Black,Large,,,Black,L
CCT001-BLK-XL,0.4,1.0,10.0,8.0,0.4,0.5,Black,X Large,,,Black,XL
CCT002-BLK-S,0.4,1.0,10.0,8.0,0.4,0.5,Black,Small,,,Black,S
CCT002-BLK-M,0.4,1.0,10.0,8.0,0.4,0.5,Black,Medium,,,Black,M
CCT002-BLK-L,0.4,1.0,10.0,8.0,0.4,0.5,Black,Large,,,Black,L
CCT002-BLK-XL,0.4,1.0,10.0,8.0,0.4,0.5,Black,X Large,,,Black,XL
CCT003-BLK-S,0.4,1.0,10.0,8.0,0.4,0.5,Black,Small,,,Black,S
CCT003-BLK-M,0.4,1.0,10.0,8.0,0.4,0.5,Black,Medium,,,Black,M
CCT003-BLK-L,0.4,1.0,10.0,8.0,0.4,0.5,Black,Large,,,Black,L
CCT003-BLK-XL,0.4,1.0,10.0,8.0,0.4,0.5,Black,X Large,,,Black,XL
CCT004-BLK-S,0.4,1.0,10.0,8.0,0.4,0.5,Black,Small,,,Black,S
CCT004-BLK-M,0.4,1.0,10.0,8.0,0.4,0.5,Black,Medium,,,Black,M
CCT004-BLK-L,0.4,1.0,10.0,8.0,0.4,0.5,Black,Large,,,Black,L
CCT004-BLK-XL,0.4,1.0,10.0,8.0,0.4,0.5,Black,X Large,,,Black,XL
CCO003-BLK-S,0.4,1.0,10.0,8.0,0.4,0.5,Black,Small,,,Black,S
CCO003-BLK-XL,0.4,1.0,10.0,8.0,0.4,0.5,Black,X Large,,,Black,XL
CCO003-BLK-M,0.4,1.0,10.0,8.0,0.4,0.5,Black,Medium,,,Black,M
CCO003-BLK-L,0.4,1.0,10.0,8.0,0.4,0.5,Black,Large,,,Black,L
CCO001-BLK-XL,0.4,1.0,10.0,8.0,0.4,0.5,Black,X Large,,,Black,XL
CCO001-BLK-S,0.4,1.0,10.0,8.0,0.4,0.5,Black,Small,,,Black,S
CCO001-BLK-M,0.4,1.0,10.0,8.0,0.4,0.5,Black,Medium,,,Black,M
CCO001-BLK-L,0.4,1.0,10.0,8.0,0.4,0.5,Black,Large,,,Black,L
CCB002-BLK-S,0.4,1.0,10.0,8.0,0.4,0.5,Black,Small,,,Black,S
CCB002-BLK-M,0.4,1.0,10.0,8.0,0.4,0.5,Black,Medium,,,Black,M
CCB002-BLK-L,0.4,1.0,10.0,8.0,0.4,0.5,Black,Large,,,Black,L
CCB002-BLK-XL,0.4,1.0,10.0,8.0,0.4,0.5,Black,X Large,,,Black,XL
CSO005-MLTI-S,,1.0,13.0,10.0,,0.5,Multicolored,Small,,,Barbados Bloom,S
CSO005-MLTI-M,,1.0,13.0,10.0,,0.5,Multicolored,Medium,,,Barbados Bloom,M
CSO005-MLTI-L,,1.0,13.0,10.0,,0.5,Multicolored,Large,,,Barbados Bloom,L
CSO005-MLTI-XL,,1.0,13.0,10.0,,0.5,Multicolored,X Large,,,Barbados Bloom,XL
CSO005-GRN-S,,1.0,13.0,10.0,,0.5,Green,Small,,,Serrano Pepper,S
CSO005-GRN-M,,1.0,13.0,10.0,,0.5,Green,Medium,,,Serrano Pepper,M
CSO005-GRN-L,,1.0,13.0,10.0,,0.5,Green,Large,,,Serrano Pepper,L
CSO005-GRN-XL,,1.0,13.0,10.0,,0.5,Green,X Large,,,Serrano Pepper,XL
CSO005-PINK-S,,1.0,13.0,10.0,,0.5,Pink,Small,,,Pink Posey,S
CSO005-PINK-M,,1.0,13.0,10.0,,0.5,Pink,Medium,,,Pink Posey,M
CSO005-PINK-L,,1.0,13.0,10.0,,0.5,Pink,Large,,,Pink Posey,L
CSO005-PINK-XL,,1.0,13.0,10.0,,0.5,Pink,X Large,,,Pink Posey,XL
CSO005-BKWH-S,,1.0,13.0,10.0,,0.5,Black,Small,,,Black,S
CSO005-BKWH-M,,1.0,13.0,10.0,,0.5,Black,Medium,,,Black,M
CSO005-BKWH-L,,1.0,13.0,10.0,,0.5,Black,Large,,,Black,L
CSO005-BKWH-XL,,1.0,13.0,10.0,,0.5,Black,X Large,,,Black,XL
CSO010-MLTI-S,,1.0,13.0,10.0,,0.5,Multicolored,Small,,,Barbados Bloom,S
CSO010-MLTI-M,,1.0,13.0,10.0,,0.5,Multicolored,Medium,,,Barbados Bloom,M
CSO010-MLTI-L,,1.0,13.0,10.0,,0.5,Multicolored,Large,,,Barbados Bloom,L
CSO010-MLTI-XL,,1.0,13.0,10.0,,0.5,Multicolored,X Large,,,Barbados Bloom,XL
CSO010-GRN-S,,1.0,13.0,10.0,,0.5,Green,Small,,,Serrano Pepper,S
CSO010-GRN-M,,1.0,13.0,10.0,,0.5,Green,Medium,,,Serrano Pepper,M
CSO010-GRN-L,,1.0,13.0,10.0,,0.5,Green,Large,,,Serrano Pepper,L
CSO010-GRN-XL,,1.0,13.0,10.0,,0.5,Green,X Large,,,Serrano Pepper,XL
CSO010-PURP-S,,1.0,13.0,10.0,,0.5,Purple,Small,,,Violet Glow,S
CSO010-PURP-M,,1.0,13.0,10.0,,0.5,Purple,Medium,,,Violet Glow,M
CSO010-PURP-L,,1.0,13.0,10.0,,0.5,Purple,Large,,,Violet Glow,L
CSO010-PURP-XL,,1.0,13.0,10.0,,0.5,Purple,X Large,,,Violet Glow,XL
CSO010-PINK-S,,1.0,13.0,10.0,,0.5,Pink,Small,,,Pink Posey,S
CSO010-PINK-M,,1.0,13.0,10.0,,0.5,Pink,Medium,,,Pink Posey,M
CSO010-PINK-L,,1.0,13.0,10.0,,0.5,Pink,Large,,,Pink Posey,L
CSO010-PINK-XL,,1.0,13.0,10.0,,0.5,Pink,X Large,,,Pink Posey,XL
CSO010-BLK-S,,1.0,13.0,10.0,,0.5,Black,Small,,,Black,S
CSO010-BLK-M,,1.0,13.0,10.0,,0.5,Black,Medium,,,Black,M
CSO010-BLK-L,,1.0,13.0,10.0,,0.5,Black,Large,,,Black,L
CSO010-BLK-XL,,1.0,13.0,10.0,,0.5,Black,X Large,,,Black,XL
CSO016-GRN-S,,1.0,13.0,10.0,,0.5,Green,Small,,,Serrano Pepper,S
CSO016-GRN-M,,1.0,13.0,10.0,,0.5,Green,Medium,,,Serrano Pepper,M
CSO016-GRN-L,,1.0,13.0,10.0,,0.5,Green,Large,,,Serrano Pepper,L
CSO016-GRN-XL,,1.0,13.0,10.0,,0.5,Green,X Large,,,Serrano Pepper,XL
CSO016-BLK-S,,1.0,13.0,10.0,,0.5,Black,Small,,,Black,S
CSO016-BLK-M,,1.0,13.0,10.0,,0.5,Black,Medium,,,Black,M
CSO016-BLK-L,,1.0,13.0,10.0,,0.5,Black,Large,,,Black,L
CSO016-BLK-XL,,1.0,13.0,10.0,,0.5,Black,X Large,,,Black,XL
CSO007-MLTI-S,,1.0,13.0,10.0,,0.5,Multicolored,Small,,,Optical Illusion ,S
CSO007-MLTI-M,,1.0,13.0,10.0,,0.5,Multicolored,Medium,,,Optical Illusion ,M
CSO007-MLTI-L,,1.0,13.0,10.0,,0.5,Multicolored,Large,,,Optical Illusion ,L
CSO007-MLTI-XL,,1.0,13.0,10.0,,0.5,Multicolored,X Large,,,Optical Illusion ,XL
CSO007-BLUE-S,,1.0,13.0,10.0,,0.5,Blue,Small,,,Blue Acrylic,S
CSO007-BLUE-M,,1.0,13.0,10.0,,0.5,Blue,Medium,,,Blue Acrylic,M
CSO007-BLUE-L,,1.0,13.0,10.0,,0.5,Blue,Large,,,Blue Acrylic,L
CSO007-BLUE-XL,,1.0,13.0,10.0,,0.5,Blue,X Large,,,Blue Acrylic,XL
CSO007-PURP-S,,1.0,13.0,10.0,,0.5,Purple,Small,,,Violet Glow,S
CSO007-PURP-M,,1.0,13.0,10.0,,0.5,Purple,Medium,,,Violet Glow,M
CSO007-PURP-L,,1.0,13.0,10.0,,0.5,Purple,Large,,,Violet Glow,L
CSO007-PURP-XL,,1.0,13.0,10.0,,0.5,Purple,X Large,,,Violet Glow,XL
CSO007-PINK-S,,1.0,13.0,10.0,,0.5,Pink,Small,,,Pink Posey,S
CSO007-PINK-M,,1.0,13.0,10.0,,0.5,Pink,Medium,,,Pink Posey,M
CSO007-PINK-L,,1.0,13.0,10.0,,0.5,Pink,Large,,,Pink Posey,L
CSO007-PINK-XL,,1.0,13.0,10.0,,0.5,Pink,X Large,,,Pink Posey,XL
CSO007-BKWH-S,,1.0,13.0,10.0,,0.5,Black,Small,,,Black,S
CSO007-BKWH-M,,1.0,13.0,10.0,,0.5,Black,Medium,,,Black,M
CSO007-BKWH-L,,1.0,13.0,10.0,,0.5,Black,Large,,,Black,L
CSO007-BKWH-XL,,1.0,13.0,10.0,,0.5,Black,X Large,,,Black,XL
CSO012-BKWH-S,,1.0,13.0,10.0,,0.5,Multicolored,Small,,,Optical Illusion ,S
CSO012-BKWH-M,,1.0,13.0,10.0,,0.5,Multicolored,Medium,,,Optical Illusion ,M
CSO012-BKWH-L,,1.0,13.0,10.0,,0.5,Multicolored,Large,,,Optical Illusion ,L
CSO012-BKWH-XL,,1.0,13.0,10.0,,0.5,Multicolored,X Large,,,Optical Illusion ,XL
CSO011-PURP-S,,1.0,13.0,10.0,,0.5,Purple,Small,,,Violet Glow,S
CSO011-PURP-M,,1.0,13.0,10.0,,0.5,Purple,Medium,,,Violet Glow,M
CSO011-PURP-L,,1.0,13.0,10.0,,0.5,Purple,Large,,,Violet Glow,L
CSO011-PURP-XL,,1.0,13.0,10.0,,0.5,Purple,X Large,,,Violet Glow,XL
CSO011-PINK-S,,1.0,13.0,10.0,,0.5,Pink,Small,,,Pink Posey,S
CSO011-PINK-M,,1.0,13.0,10.0,,0.5,Pink,Medium,,,Pink Posey,M
CSO011-PINK-L,,1.0,13.0,10.0,,0.5,Pink,Large,,,Pink Posey,L
CSO011-PINK-XL,,1.0,13.0,10.0,,0.5,Pink,X Large,,,Pink Posey,XL
CSO011-BLK-S,,1.0,13.0,10.0,,0.5,Black,Small,,,Black,S
CSO011-BLK-M,,1.0,13.0,10.0,,0.5,Black,Medium,,,Black,M
CSO011-BLK-L,,1.0,13.0,10.0,,0.5,Black,Large,,,Black,L
CSO011-BLK-XL,,1.0,13.0,10.0,,0.5,Black,X Large,,,Black,XL
CSO028-GRN-S,,1.0,13.0,10.0,,0.5,Green,Small,,,Serrano Pepper,S
CSO028-GRN-M,,1.0,13.0,10.0,,0.5,Green,Medium,,,Serrano Pepper,M
CSO028-GRN-L,,1.0,13.0,10.0,,0.5,Green,Large,,,Serrano Pepper,L
CSO028-GRN-XL,,1.0,13.0,10.0,,0.5,Green,X Large,,,Serrano Pepper,XL
CSO028-PURP-S,,1.0,13.0,10.0,,0.5,Purple,Small,,,Violet Glow,S
CSO028-PURP-M,,1.0,13.0,10.0,,0.5,Purple,Medium,,,Violet Glow,M
CSO028-PURP-L,,1.0,13.0,10.0,,0.5,Purple,Large,,,Violet Glow,L
CSO028-PURP-XL,,1.0,13.0,10.0,,0.5,Purple,X Large,,,Violet Glow,XL
CSO028-PINK-S,,1.0,13.0,10.0,,0.5,Pink,Small,,,Pink Posey,S
CSO028-PINK-M,,1.0,13.0,10.0,,0.5,Pink,Medium,,,Pink Posey,M
CSO028-PINK-L,,1.0,13.0,10.0,,0.5,Pink,Large,,,Pink Posey,L
CSO028-PINK-XL,,1.0,13.0,10.0,,0.5,Pink,X Large,,,Pink Posey,XL
CSO028-BLK-S,,1.0,13.0,10.0,,0.5,Black,Small,,,Black,S
CSO028-BLK-M,,1.0,13.0,10.0,,0.5,Black,Medium,,,Black,M
CSO028-BLK-L,,1.0,13.0,10.0,,0.5,Black,Large,,,Black,L
CSO028-BLK-XL,,1.0,13.0,10.0,,0.5,Black,X Large,,,Black,XL
CSB015-BLUE-S,,1.0,13.0,10.0,,0.5,Blue,Small,,,Blue Acrylic,S
CSB015-BLUE-M,,1.0,13.0,10.0,,0.5,Blue,Medium,,,Blue Acrylic,M
CSB015-BLUE-L,,1.0,13.0,10.0,,0.5,Blue,Large,,,Blue Acrylic,L
CSB015-BLUE-XL,,1.0,13.0,10.0,,0.5,Blue,X Large,,,Blue Acrylic,XL
CSB015-BLK-S,,1.0,13.0,10.0,,0.5,Black,Small,,,Black,S
CSB015-BLK-M,,1.0,13.0,10.0,,0.5,Black,Medium,,,Black,M
CSB015-BLK-L,,1.0,13.0,10.0,,0.5,Black,Large,,,Black,L
CSB015-BLK-XL,,1.0,13.0,10.0,,0.5,Black,X Large,,,Black,XL
CSB006-BLK-S,,1.0,13.0,10.0,,0.5,Black,Small,,,Black,S
CSB006-BLK-M,,1.0,13.0,10.0,,0.5,Black,Medium,,,Black,M
CSB006-BLK-L,,1.0,13.0,10.0,,0.5,Black,Large,,,Black,L
CSB006-BLK-XL,,1.0,13.0,10.0,,0.5,Black,X Large,,,Black,XL
CSB006-BLUE-S,,1.0,13.0,10.0,,0.5,Blue,Small,,,Blue Acrylic ,S
CSB006-BLUE-M,,1.0,13.0,10.0,,0.5,Blue,Medium,,,Blue Acrylic ,M
CSB006-BLUE-L,,1.0,13.0,10.0,,0.5,Blue,Large,,,Blue Acrylic ,L
CSB006-BLUE-XL,,1.0,13.0,10.0,,0.5,Blue,X Large,,,Blue Acrylic ,XL
CSB006-PURP-S,,1.0,13.0,10.0,,0.5,Purple,Small,,,Violet Glow,S
CSB006-PURP-M,,1.0,13.0,10.0,,0.5,Purple,Medium,,,Violet Glow,M
CSB006-PURP-L,,1.0,13.0,10.0,,0.5,Purple,Large,,,Violet Glow,L
CSB006-PURP-XL,,1.0,13.0,10.0,,0.5,Purple,X Large,,,Violet Glow,XL
CSB006-PINK-S,,1.0,13.0,10.0,,0.5,Pink,Small,,,Pink Posey,S
CSB006-PINK-M,,1.0,13.0,10.0,,0.5,Pink,Medium,,,Pink Posey,M
CSB006-PINK-L,,1.0,13.0,10.0,,0.5,Pink,Large,,,Pink Posey,L
CSB006-PINK-XL,,1.0,13.0,10.0,,0.5,Pink,X Large,,,Pink Posey,XL
CSB006-BKWH-S,,1.0,13.0,10.0,,0.5,Black,Small,,,Black,S
CSB006-BKWH-M,,1.0,13.0,10.0,,0.5,Black,Medium,,,Black,M
CSB006-BKWH-L,,1.0,13.0,10.0,,0.5,Black,Large,,,Black,L
CSB006-BKWH-XL,,1.0,13.0,10.0,,0.5,Black,X Large,,,Black,XL
CSB005-MLTI-S,,1.0,13.0,10.0,,0.5,Multicolored,Small,,,Optical Illusion ,S
CSB005-MLTI-M,,1.0,13.0,10.0,,0.5,Multicolored,Medium,,,Optical Illusion ,M
CSB005-MLTI-L,,1.0,13.0,10.0,,0.5,Multicolored,Large,,,Optical Illusion ,L
CSB005-MLTI-XL,,1.0,13.0,10.0,,0.5,Multicolored,X Large,,,Optical Illusion ,XL
CSB005-GRN-S,,1.0,13.0,10.0,,0.5,Green,Small,,,Serrano Pepper,S
CSB005-GRN-M,,1.0,13.0,10.0,,0.5,Green,Medium,,,Serrano Pepper,M
CSB005-GRN-L,,1.0,13.0,10.0,,0.5,Green,Large,,,Serrano Pepper,L
CSB005-GRN-XL,,1.0,13.0,10.0,,0.5,Green,X Large,,,Serrano Pepper,XL
CSB005-BLUE-S,,1.0,13.0,10.0,,0.5,Blue,Small,,,Blue Acrylic,S
CSB005-BLUE-M,,1.0,13.0,10.0,,0.5,Blue,Medium,,,Blue Acrylic,M
CSB005-BLUE-L,,1.0,13.0,10.0,,0.5,Blue,Large,,,Blue Acrylic,L
CSB005-BLUE-XL,,1.0,13.0,10.0,,0.5,Blue,X Large,,,Blue Acrylic,XL
CSB005-PINK-S,,1.0,13.0,10.0,,0.5,Pink,Small,,,Pink Posey,S
CSB005-PINK-M,,1.0,13.0,10.0,,0.5,Pink,Medium,,,Pink Posey,M
CSB005-PINK-L,,1.0,13.0,10.0,,0.5,Pink,Large,,,Pink Posey,L
CSB005-PINK-XL,,1.0,13.0,10.0,,0.5,Pink,X Large,,,Pink Posey,XL
CSB005-BLK-S,,1.0,13.0,10.0,,0.5,Black,Small,,,Black,S
CSB005-BLK-M,,1.0,13.0,10.0,,0.5,Black,Medium,,,Black,M
CSB005-BLK-L,,1.0,13.0,10.0,,0.5,Black,Large,,,Black,L
CSB005-BLK-XL,,1.0,13.0,10.0,,0.5,Black,X Large,,,Black,XL
CSB022-MLTI-S,,1.0,13.0,10.0,,0.5,Multicolored,Small,,,Barbados Bloom,S
CSB022-MLTI-M,,1.0,13.0,10.0,,0.5,Multicolored,Medium,,,Barbados Bloom,M
CSB022-MLTI-L,,1.0,13.0,10.0,,0.5,Multicolored,Large,,,Barbados Bloom,L
CSB022-MLTI-XL,,1.0,13.0,10.0,,0.5,Multicolored,X Large,,,Barbados Bloom,XL
CSB024-GRN-S,,1.0,13.0,10.0,,0.5,Green,Small,,,Serrano Pepper,S
CSB024-GRN-M,,1.0,13.0,10.0,,0.5,Green,Medium,,,Serrano Pepper,M
CSB024-GRN-L,,1.0,13.0,10.0,,0.5,Green,Large,,,Serrano Pepper,L
CSB024-GRN-XL,,1.0,13.0,10.0,,0.5,Green,X Large,,,Serrano Pepper,XL
CSB024-BLK-S,,1.0,13.0,10.0,,0.5,Black,Small,,,Black,S
CSB024-BLK-M,,1.0,13.0,10.0,,0.5,Black,Medium,,,Black,M
CSB024-BLK-L,,1.0,13.0,10.0,,0.5,Black,Large,,,Black,L
CSB024-BLK-XL,,1.0,13.0,10.0,,0.5,Black,X Large,,,Black,XL
CSB027-BLUE-S,,1.0,13.0,10.0,,0.5,Blue,Small,,,Blue Acrylic,S
CSB027-BLUE-M,,1.0,13.0,10.0,,0.5,Blue,Medium,,,Blue Acrylic,M
CSB027-BLUE-L,,1.0,13.0,10.0,,0.5,Blue,Large,,,Blue Acrylic,L
CSB027-BLUE-XL,,1.0,13.0,10.0,,0.5,Blue,X Large,,,Blue Acrylic,XL
CSB027-GRN-S,,1.0,13.0,10.0,,0.5,Green,Small,,,Serrano Pepper,S
CSB027-GRN-M,,1.0,13.0,10.0,,0.5,Green,Medium,,,Serrano Pepper,M
CSB027-GRN-L,,1.0,13.0,10.0,,0.5,Green,Large,,,Serrano Pepper,L
CSB027-GRN-XL,,1.0,13.0,10.0,,0.5,Green,X Large,,,Serrano Pepper,XL
CSB027-PINK-S,,1.0,13.0,10.0,,0.5,Pink,Small,,,Pink Posey,S
CSB027-PINK-M,,1.0,13.0,10.0,,0.5,Pink,Medium,,,Pink Posey,M
CSB027-PINK-L,,1.0,13.0,10.0,,0.5,Pink,Large,,,Pink Posey,L
CSB027-PINK-XL,,1.0,13.0,10.0,,0.5,Pink,X Large,,,Pink Posey,XL
CSB027-BLK-S,,1.0,13.0,10.0,,0.5,Black,Small,,,Black,S
CSB027-BLK-M,,1.0,13.0,10.0,,0.5,Black,Medium,,,Black,M
CSB027-BLK-L,,1.0,13.0,10.0,,0.5,Black,Large,,,Black,L
CSB027-BLK-XL,,1.0,13.0,10.0,,0.5,Black,X Large,,,Black,XL
CST014-BLUE-S,,1.0,13.0,10.0,,0.5,Blue,Small,Boning and Casing,"1/2"" Copper Metal Ring & Slider",Blue Acrylic,S
CST014-BLUE-M,,1.0,13.0,10.0,,0.5,Blue,Medium,Boning and Casing,"1/2"" Copper Metal Ring & Slider",Blue Acrylic,M
CST014-BLUE-L,,1.0,13.0,10.0,,0.5,Blue,Large,Boning and Casing,"1/2"" Copper Metal Ring & Slider",Blue Acrylic,L
CST014-BLUE-XL,,1.0,13.0,10.0,,0.5,Blue,X Large,Boning and Casing,"1/2"" Copper Metal Ring & Slider",Blue Acrylic,XL
CST014-BLK-S,,1.0,13.0,10.0,,0.5,Black,Small,Boning and Casing,"1/2"" Copper Metal Ring & Slider",Black,S
CST014-BLK-M,,1.0,13.0,10.0,,0.5,Black,Medium,Boning and Casing,"1/2"" Copper Metal Ring & Slider",Black,M
CST014-BLK-L,,1.0,13.0,10.0,,0.5,Black,Large,Boning and Casing,"1/2"" Copper Metal Ring & Slider",Black,L
CST014-BLK-XL,,1.0,13.0,10.0,,0.5,Black,X Large,Boning and Casing,"1/2"" Copper Metal Ring & Slider",Black,XL
CST009-MLTI-S,,1.0,13.0,10.0,,0.5,Multicolored,Small,Boning and Casing,"1/2"" Copper Metal Ring & Slider",Optical Illusion,S
CST009-MLTI-M,,1.0,13.0,10.0,,0.5,Multicolored,Medium,Boning and Casing,"1/2"" Copper Metal Ring & Slider",Optical Illusion,M
CST009-MLTI-L,,1.0,13.0,10.0,,0.5,Multicolored,Large,Boning and Casing,"1/2"" Copper Metal Ring & Slider",Optical Illusion,L
CST009-MLTI-XL,,1.0,13.0,10.0,,0.5,Multicolored,X Large,Boning and Casing,"1/2"" Copper Metal Ring & Slider",Optical Illusion,XL
CST009-BLUE-S,,1.0,13.0,10.0,,0.5,Blue,Small,Boning and Casing,"1/2"" Copper Metal Ring & Slider",Blue Acrylic,S
CST009-BLUE-M,,1.0,13.0,10.0,,0.5,Blue,Medium,Boning and Casing,"1/2"" Copper Metal Ring & Slider",Blue Acrylic,M
CST009-BLUE-L,,1.0,13.0,10.0,,0.5,Blue,Large,Boning and Casing,"1/2"" Copper Metal Ring & Slider",Blue Acrylic,L
CST009-BLUE-XL,,1.0,13.0,10.0,,0.5,Blue,X Large,Boning and Casing,"1/2"" Copper Metal Ring & Slider",Blue Acrylic,XL
CST009-PURP-S,,1.0,13.0,10.0,,0.5,Purple,Small,Zipper At Center Front,,Violet Glow,S
CST009-PURP-M,,1.0,13.0,10.0,,0.5,Purple,Medium,Zipper At Center Front,,Violet Glow,M
CST009-PURP-L,,1.0,13.0,10.0,,0.5,Purple,Large,Zipper At Center Front,,Violet Glow,L
CST009-PURP-XL,,1.0,13.0,10.0,,0.5,Purple,X Large,Zipper At Center Front,,Violet Glow,XL
CST009-PINK-S,,1.0,13.0,10.0,,0.5,Pink,Small,Zipper At Center Front,,Pink Posey,S
CST009-PINK-M,,1.0,13.0,10.0,,0.5,Pink,Medium,Zipper At Center Front,,Pink Posey,M
CST009-PINK-L,,1.0,13.0,10.0,,0.5,Pink,Large,Zipper At Center Front,,Pink Posey,L
CST009-PINK-XL,,1.0,13.0,10.0,,0.5,Pink,X Large,Zipper At Center Front,,Pink Posey,XL
CST009-BKWH-S,,1.0,13.0,10.0,,0.5,Black,Small,Zipper At Center Front,,Black,S
CST009-BKWH-M,,1.0,13.0,10.0,,0.5,Black,Medium,Zipper At Center Front,,Black,M
CST009-BKWH-L,,1.0,13.0,10.0,,0.5,Black,Large,Zipper At Center Front,,Black,L
CST009-BKWH-XL,,1.0,13.0,10.0,,0.5,Black,X Large,Zipper At Center Front,,Black,XL
CST005-MLTI-S,,1.0,13.0,10.0,,0.5,Multicolored,Small,Heat Transfer Logo At Left Back Wing,,Optical Illusion,S
CST005-MLTI-M,,1.0,13.0,10.0,,0.5,Multicolored,Medium,Heat Transfer Logo At Left Back Wing,,Optical Illusion,M
CST005-MLTI-L,,1.0,13.0,10.0,,0.5,Multicolored,Large,Heat Transfer Logo At Left Back Wing,,Optical Illusion,L
CST005-MLTI-XL,,1.0,13.0,10.0,,0.5,Multicolored,X Large,Heat Transfer Logo At Left Back Wing,,Optical Illusion,XL
CST005-GRN-S,,1.0,13.0,10.0,,0.5,Green,Small,Heat Transfer Logo At Left Back Wing,,Serrano Pepper,S
CST005-GRN-M,,1.0,13.0,10.0,,0.5,Green,Medium,Heat Transfer Logo At Left Back Wing,,Serrano Pepper,M
CST005-GRN-L,,1.0,13.0,10.0,,0.5,Green,Large,Heat Transfer Logo At Left Back Wing,,Serrano Pepper,L
CST005-GRN-XL,,1.0,13.0,10.0,,0.5,Green,X Large,Heat Transfer Logo At Left Back Wing,,Serrano Pepper,XL
CST005-BLUE-S,,1.0,13.0,10.0,,0.5,Blue,Small,Heat Transfer Logo At Left Back Wing,,Blue Acrylic,S
CST005-BLUE-M,,1.0,13.0,10.0,,0.5,Blue,Medium,Heat Transfer Logo At Left Back Wing,,Blue Acrylic,M
CST005-BLUE-L,,1.0,13.0,10.0,,0.5,Blue,Large,Heat Transfer Logo At Left Back Wing,,Blue Acrylic,L
CST005-BLUE-XL,,1.0,13.0,10.0,,0.5,Blue,X Large,Heat Transfer Logo At Left Back Wing,,Blue Acrylic,XL
CST005-PINK-S,,1.0,13.0,10.0,,0.5,Pink,Small,Heat Transfer Logo At Left Back Wing,,Pink Posey,S
CST005-PINK-M,,1.0,13.0,10.0,,0.5,Pink,Medium,Heat Transfer Logo At Left Back Wing,,Pink Posey,M
CST005-PINK-L,,1.0,13.0,10.0,,0.5,Pink,Large,Heat Transfer Logo At Left Back Wing,,Pink Posey,L
CST005-PINK-XL,,1.0,13.0,10.0,,0.5,Pink,X Large,Heat Transfer Logo At Left Back Wing,,Pink Posey,XL
CST005-BLK-S,,1.0,13.0,10.0,,0.5,Black,Small,Heat Transfer Logo At Left Back Wing,,Black,S
CST005-BLK-M,,1.0,13.0,10.0,,0.5,Black,Medium,Heat Transfer Logo At Left Back Wing,,Black,M
CST005-BLK-L,,1.0,13.0,10.0,,0.5,Black,Large,Heat Transfer Logo At Left Back Wing,,Black,L
CST005-BLK-XL,,1.0,13.0,10.0,,0.5,Black,X Large,Heat Transfer Logo At Left Back Wing,,Black,XL
CST021-MLTI-S,,1.0,13.0,10.0,,0.5,Multicolored,Small,Boning and Casing,,Barbados Bloom,S
CST021-MLTI-M,,1.0,13.0,10.0,,0.5,Multicolored,Medium,Boning and Casing,,Barbados Bloom,M
CST021-MLTI-L,,1.0,13.0,10.0,,0.5,Multicolored,Large,Boning and Casing,,Barbados Bloom,L
CST021-MLTI-XL,,1.0,13.0,10.0,,0.5,Multicolored,X Large,Boning and Casing,,Barbados Bloom,XL
CST023-GRN-S,,1.0,13.0,10.0,,0.5,Green,Small,Boning and Casing,,Serrano Pepper,S
CST023-GRN-M,,1.0,13.0,10.0,,0.5,Green,Medium,Boning and Casing,,Serrano Pepper,M
CST023-GRN-L,,1.0,13.0,10.0,,0.5,Green,Large,Boning and Casing,,Serrano Pepper,L
CST023-GRN-XL,,1.0,13.0,10.0,,0.5,Green,X Large,Boning and Casing,,Serrano Pepper,XL
CST023-BLK-S,,1.0,13.0,10.0,,0.5,Black,Small,Boning and Casing,,Black,S
CST023-BLK-M,,1.0,13.0,10.0,,0.5,Black,Medium,Boning and Casing,,Black,M
CST023-BLK-L,,1.0,13.0,10.0,,0.5,Black,Large,Boning and Casing,,Black,L
CST023-BLK-XL,,1.0,13.0,10.0,,0.5,Black,X Large,Boning and Casing,,Black,XL
